周周黑鸭,mooc63046287775085283
周周黑鸭,yeyeyey
周周黑鸭,yeyeyey
bbu51605041050,yeyeyey
温建旬,王琼
燕明mooc1484966187994,2016050072王怡
周周黑鸭,一声勿忘
周周黑鸭,一声勿忘
JNUNING,小蜜蜂mook27
燕明mooc1484966187994,Diego110
燕明mooc1484966187994,郭璇妹2016050427
周周黑鸭,韩少睿
周周黑鸭,韩少睿
mooc658298522873377,mooc658298522873377
mooc658298522873377,mooc658298522873377
mooc658298522873377,zyhl刘晓明2016054048
mooc658298522873377,zyhl刘晓明2016054048
燕明mooc1484966187994,zyhl刘晓明2016054048
燕明mooc1484966187994,zyhl刘晓明2016054048
zhaoxue41884179163com,zyhl刘晓明2016054048
LUmooc530,LUmooc530
LUmooc530,LUmooc530
燕明mooc1484966187994,LUmooc530
mooc658298522873377,守愿天使
mooc658298522873377,守愿天使
郭璇妹2016050427,守愿天使
郭璇妹2016050427,守愿天使
zhaoxue41884179163com,守愿天使
zhaoxue41884179163com,守愿天使
CAJ啊,守愿天使
CAJ啊,守愿天使
bbu51605041050,守愿天使
bbu51605041050,守愿天使
侯yi,言ykt1495296268948
侯yi,言ykt1495296268948
mooc658298522873377,言ykt1495296268948
mooc658298522873377,言ykt1495296268948
新闻162曹倩80,言ykt1495296268948
新闻162曹倩80,言ykt1495296268948
mooc658298522873377,言ykt1495296268948
燕明mooc1484966187994,mooc1519804671979
燕明mooc1484966187994,mooc1519804671979
言ykt1495296268948,mooc1519804671979
韩少睿,周周黑鸭
燕明mooc1484966187994,zhaoxue41884179163com
言ykt1495296268948,mooc658298522873377
燕明mooc1484966187994,mooc658298522873377
周周黑鸭,mooc658298522873377
