Id,Label,timeset,indegree,outdegree,degree,weighted indegree,weighted outdegree,weighted degree,Eccentricity,closnesscentrality,harmonicclosnesscentrality,betweenesscentrality,Authority,Hub,pageranks,eigencentrality,modularity_class,componentnumber,strongcompnum,clustering
XD-16050410007,XD-16050410007,,0,1,1,0,1,1,1,1,1,0,0,0.000569,0.000364,0,0,0,1,0
"黄天柱 17030340343",黄天柱 17030340343,,2,0,2,2,0,2,0,0,0,0,0.011351,0,0.000769,0.03792,0,0,0,0
"李萍mooc",李萍mooc,,52,137,189,86,342,428,5,0.392233,0.487431,38003.590134,0.019324,0.225765,0.015283,0.425831,0,0,417,0.003205
"蒲江三哥",蒲江三哥,,6,5,11,130,46,176,5,0.408907,0.445407,2298.072693,0.072644,0.005244,0.001143,0.185134,9,0,417,0.380952
"赵小艳",赵小艳,,46,182,228,55,331,386,5,0.574953,0.643619,49207.320692,0.005382,0.259579,0.012321,0.320317,2,0,417,0.010523
"路人乙mooc54",路人乙mooc54,,2,0,2,2,0,2,0,0,0,0,0.024341,0,0.000517,0.066513,0,0,368,0.5
hg201710104119安全工程,hg201710104119安全工程,,2,0,2,3,0,3,0,0,0,0,0.013065,0,0.000499,0.030283,2,0,367,0.5
SWPU201731764102,SWPU201731764102,,0,4,4,0,5,5,6,0.366587,0.384262,0,0,0.00093,0.000364,0,2,0,421,0.083333
"嘤崔斯汀hia",嘤崔斯汀hia,,3,1,4,4,1,5,0,0,0,0,0.060042,0,0.000507,0.124404,9,0,233,0.5
Sichselbst,Sichselbst,,1,0,1,2,0,2,0,0,0,0,0.000047,0,0.000442,0.000845,2,0,420,0
"微凉mooc222",微凉mooc222,,7,3,10,44,18,62,5,0.407806,0.443207,1398.712693,0.072518,0.002276,0.000948,0.188095,9,0,417,0.452381
"臭皮囊mooc2",臭皮囊mooc2,,1,0,1,1,0,1,0,0,0,0,0.013018,0,0.000422,0.029438,2,0,366,0
"破茧成蝶mooc54",破茧成蝶mooc54,,1,0,1,1,0,1,0,0,0,0,0.013018,0,0.000422,0.029438,2,0,365,0
"唐靖mooc",唐靖mooc,,2,2,4,2,3,5,1,1,1,1,0.000047,0,0.000442,0.002156,2,0,419,0.333333
"朴实的求知者",朴实的求知者,,1,0,1,1,0,1,0,0,0,0,0.013018,0,0.000422,0.029438,2,0,364,0
"微风moocFr",微风moocFr,,6,8,14,126,76,202,5,0.485188,0.494829,3559.045239,0.071725,0.009321,0.00145,0.173105,9,0,417,0.305556
"落木虚怀",落木虚怀,,0,2,2,0,2,2,6,0.365986,0.38243,0,0,0.000271,0.000364,0,2,0,423,0
NJUPTB17041618赵庆,NJUPTB17041618赵庆,,2,2,4,2,3,5,6,0.364727,0.40784,763.25,0.000014,0.001311,0.001298,0.001948,2,0,422,0
"小白mooc456",小白mooc456,,1,0,1,1,0,1,0,0,0,0,0.013018,0,0.000422,0.029438,2,0,363,0
"学习尽点心",学习尽点心,,5,5,10,20,16,36,5,0.484026,0.492354,2437.178572,0.07161,0.004923,0.000858,0.174692,2,0,417,0.6
"北京and香港",北京and香港,,9,7,16,72,34,106,5,0.441048,0.461854,3685.212693,0.072403,0.009549,0.002233,0.188252,9,0,417,0.311111
17级会计1701向卿芸,17级会计1701向卿芸,,3,2,5,7,3,10,6,0.36528,0.381023,301.076827,0.024341,0.00027,0.000517,0.073282,0,0,417,0.666667
"梦里梦见她梦他mooc2",梦里梦见她梦他mooc2,,1,0,1,1,0,1,0,0,0,0,0.013018,0,0.000422,0.029438,2,0,362,0
"问问我我我mooc",问问我我我mooc,,1,1,2,2,1,3,6,0.36528,0.381023,0,0.013018,0.00027,0.000422,0.029438,2,0,417,0
"东13石冀",东13石冀,,1,1,2,1,1,2,0,0,0,0,0,0,0.000364,0.001078,1,1,424,0
hit-1702403-尤志,hit-1702403-尤志,,3,3,6,11,6,17,5,0.483639,0.491529,1968.945239,0.071365,0.002546,0.000602,0.151007,9,0,417,0.333333
QQmooc333,QQmooc333,,2,3,5,3,5,8,6,0.366385,0.382811,562.041874,0.011322,0.000271,0.000459,0.041256,20,0,417,0.333333
"生物170220175793李镕",生物170220175793李镕,,1,0,1,1,0,1,0,0,0,0,0.011322,0,0.000459,0.037075,0,0,416,0
mooc1507366980527,mooc1507366980527,,1,1,2,3,1,4,6,0.28186,0.308691,0,0.011322,0.000969,0.000459,0.037075,0,0,417,0
"航小天",航小天,,3,5,8,11,13,24,5,0.385496,0.421672,908.975824,0.058346,0.002547,0.000544,0.132557,9,0,417,0.266667
"信息75班2176122559贺未雨",信息75班2176122559贺未雨,,2,2,4,5,5,10,5,0.391726,0.411139,301.076827,0.024341,0.001239,0.000517,0.066513,0,0,417,0.5
"能动C71徐德全2173210484",能动C71徐德全2173210484,,1,0,1,2,0,2,0,0,0,0,0,0,0.000552,0.001311,2,0,418,0
"郝世杰",郝世杰,,1,1,2,1,1,2,6,0.36528,0.381023,0,0.013018,0.00027,0.000422,0.029438,2,0,417,0
SUT170101204刘杰,SUT170101204刘杰,,1,0,1,1,0,1,0,0,0,0,0.013018,0,0.000422,0.029438,2,0,361,0
catten的小骄傲,catten的小骄傲,,3,3,6,14,8,22,6,0.364621,0.407811,127.722222,0.060042,0.001965,0.000507,0.124404,9,0,417,0.5
ZMTmooc5,ZMTmooc5,,1,0,1,2,0,2,0,0,0,0,0.013018,0,0.000422,0.029438,2,0,360,0
"蔚斐琳i",蔚斐琳i,,5,2,7,8,3,11,6,0.28186,0.308691,606,0.024871,0.000969,0.000981,0.090018,16,0,417,0.5
"霍旭-3618000008",霍旭-3618000008,,2,1,3,4,3,7,6,0.326861,0.330501,0,0.013486,0.003597,0.000576,0.043906,2,0,417,1
17级国贸1班袁香,17级国贸1班袁香,,1,1,2,1,1,2,6,0.327037,0.330776,0,0.013018,0.003597,0.000422,0.029438,2,0,417,1
hx19990822yeahnet,hx19990822yeahnet,,3,2,5,6,2,8,6,0.28186,0.308691,0,0.024341,0.000969,0.000517,0.073282,2,0,417,0.666667
"彼岸花开mooc180",彼岸花开mooc180,,1,0,1,2,0,2,0,0,0,0,0.011322,0,0.000459,0.037075,0,0,415,0
"霊汕溢膤",霊汕溢膤,,0,1,1,0,2,2,1,1,1,0,0,0.002934,0.000364,0,0,0,425,0
893025933,893025933,,4,1,5,9,3,12,0,0,0,0,0.058494,0,0.000854,0.133635,0,0,196,0.25
"信息74班2171421622",信息74班2171421622,,1,1,2,3,3,6,0,0,0,0,0,0,0.000364,0.001078,3,2,426,0
"谭陆白",谭陆白,,3,4,7,14,11,25,5,0.484026,0.492354,1968.945239,0.071365,0.006183,0.000602,0.151007,9,0,417,0.583333
"余mooc61",余mooc61,,1,0,1,1,0,1,0,0,0,0,0.011322,0,0.000459,0.037075,0,0,414,0
"哑巴理发",哑巴理发,,1,0,1,2,0,2,0,0,0,0,0.011322,0,0.000459,0.037075,0,0,413,0
mooc1508081982388,mooc1508081982388,,1,0,1,1,0,1,0,0,0,0,0.013018,0,0.000422,0.029438,2,0,359,0
"两面人mooc2",两面人mooc2,,1,0,1,1,0,1,0,0,0,0,0.011322,0,0.000459,0.037075,0,0,412,0
senming,senming,,2,1,3,4,1,5,6,0.28186,0.308691,88.0625,0.01145,0.000969,0.000552,0.048063,9,0,417,0.5
"暴风雪号",暴风雪号,,1,1,2,1,1,2,6,0.28186,0.308691,0,0.011322,0.000969,0.000459,0.037075,0,0,417,0
txy981027163com,txy981027163com,,1,1,2,4,4,8,0,0,0,0,0,0,0.000364,0.001078,4,3,427,0
"陈应mooc",陈应mooc,,1,0,1,1,0,1,0,0,0,0,0.013018,0,0.000422,0.029438,2,0,358,0
"长风呀",长风呀,,1,0,1,1,0,1,0,0,0,0,0.013018,0,0.000422,0.029438,2,0,357,0
mooc1510895656538,mooc1510895656538,,1,1,2,2,2,4,0,0,0,0,0,0,0.000364,0.001078,5,4,428,0
LeroyIT,LeroyIT,,6,5,11,22,10,32,5,0.4848,0.492904,2873.278572,0.072025,0.006177,0.001183,0.182928,9,0,417,0.533333
"影子mooc305",影子mooc305,,1,0,1,2,0,2,0,0,0,0,0.000128,0,0.000457,0.010988,9,0,232,0
Carpediemmooc69,Carpediemmooc69,,1,0,1,1,0,1,0,0,0,0,0.011322,0,0.000459,0.037075,0,0,411,0
ysu170110020074,ysu170110020074,,3,1,4,6,1,7,6,0.364183,0.406711,391.642491,0.071365,0.001307,0.000602,0.151007,2,0,417,0.333333
"嗖mooc2",嗖mooc2,,1,0,1,1,0,1,0,0,0,0,0.011322,0,0.000459,0.037075,0,0,410,0
"如雾起时mooc",如雾起时mooc,,1,0,1,1,0,1,0,0,0,0,0.011322,0,0.000459,0.037075,0,0,409,0
"一棵吃肉的菜cr",一棵吃肉的菜cr,,2,1,3,6,3,9,0,0,0,0,0.047024,0,0.000449,0.092378,9,0,225,0.5
"三只鞋",三只鞋,,4,1,5,10,1,11,6,0.364183,0.406711,997.642491,0.071545,0.001307,0.000912,0.151852,0,0,417,0.166667
imufe172050212,imufe172050212,,2,1,3,4,2,6,6,0.28186,0.308691,401.070202,0.058346,0.000969,0.000544,0.121569,0,0,417,0
yn131839163com,yn131839163com,,2,0,2,4,0,4,0,0,0,0,0.013146,0,0.000515,0.040425,2,0,231,0
MOOC含泪微笑,MOOC含泪微笑,,2,3,5,6,6,12,5,0.483639,0.491529,1968.945239,0.058346,0.002546,0.000544,0.121569,0,0,417,0.333333
"金禾71李祎璠dyh01",金禾71李祎璠dyh01,,2,2,4,3,4,7,1,1,1,240,0.011322,0,0.000459,0.041256,0,0,395,0.333333
gbqy,gbqy,,1,1,2,2,2,4,0,0,0,0,0,0,0.000364,0.001078,6,5,429,0
GabrielGarcaMrquze,GabrielGarcaMrquze,,0,1,1,0,2,2,1,1,1,0,0,0.000655,0.000364,0,2,0,430,0
D-G0417121-景小虎,D-G0417121-景小虎,,2,0,2,3,0,3,0,0,0,0,0.013051,0,0.000732,0.030283,2,0,356,0
"蓝天的微笑mooc1",蓝天的微笑mooc1,,4,1,5,7,1,8,0,0,0,0,0.058494,0,0.000854,0.133635,9,0,181,0.25
"二班1704020205金雨",二班1704020205金雨,,4,3,7,13,12,25,5,0.411965,0.433856,606,0.04739,0.004899,0.000905,0.109024,2,0,417,0.583333
"阿尔帕西诺mooc1",阿尔帕西诺mooc1,,1,1,2,2,1,3,6,0.36528,0.381023,0,0.013018,0.00027,0.000422,0.029438,2,0,417,0
"大二上",大二上,,6,5,11,61,29,90,5,0.484026,0.492354,3037.278572,0.072025,0.003207,0.001064,0.190446,9,0,417,0.452381
"汐璃音",汐璃音,,0,1,1,0,2,2,1,1,1,0,0,0,0.000364,0,7,6,432,0
tsunderemooc33,tsunderemooc33,,2,0,2,4,0,4,0,0,0,0,0,0,0.000984,0.00169,7,6,431,0
1363984103qqcom,1363984103qqcom,,0,1,1,0,2,2,1,1,1,0,0,0,0.000364,0,7,6,433,0
"想起了背历史支配的恐惧",想起了背历史支配的恐惧,,9,5,14,48,14,62,5,0.484026,0.492354,5010.111905,0.072274,0.005486,0.001917,0.180806,9,0,417,0.211111
"我海纳百川",我海纳百川,,1,0,1,2,0,2,0,0,0,0,0.013018,0,0.000422,0.029438,2,0,355,0
"向着太阳奔跑mooc9",向着太阳奔跑mooc9,,1,0,1,1,0,1,0,0,0,0,0.011322,0,0.000459,0.037075,0,0,408,0
lovemyselfmooc7,lovemyselfmooc7,,1,0,1,1,0,1,0,0,0,0,0.011322,0,0.000459,0.037075,0,0,407,0
liveinthemomentmooc4,liveinthemomentmooc4,,1,1,2,4,4,8,0,0,0,0,0,0,0.000364,0.001078,8,7,434,0
"季永强jyq",季永强jyq,,2,1,3,10,5,15,0,0,0,0,0.047024,0,0.000449,0.092378,9,0,266,0.5
"大神请留步",大神请留步,,3,2,5,9,3,12,6,0.364183,0.406711,0,0.060042,0.001307,0.000507,0.124404,9,0,417,0.666667
"存在的思维",存在的思维,,3,3,6,7,5,12,5,0.391726,0.411139,301.076827,0.024341,0.001239,0.000517,0.073282,0,0,417,0.833333
"柯DC南",柯DC南,,1,1,2,2,1,3,6,0.28186,0.308691,0,0.011322,0.000969,0.000459,0.037075,0,0,417,0
"大杰克森",大杰克森,,1,0,1,2,0,2,0,0,0,0,0.011322,0,0.000459,0.037075,0,0,406,0
"吴慧卓",吴慧卓,,122,370,492,252,1270,1522,5,0.572238,0.747167,108723.587622,0.026067,0.937636,0.036954,1,9,0,417,0.000716
Unstoppablemooc49,Unstoppablemooc49,,1,0,1,1,0,1,0,0,0,0,0.047024,0,0.000449,0.084494,9,0,281,0
"宋大莹",宋大莹,,1,1,2,2,2,4,0,0,0,0,0,0,0.000364,0.001078,10,8,435,0
"纵被春风吹作雪",纵被春风吹作雪,,1,0,1,2,0,2,0,0,0,0,0.047024,0,0.000449,0.084494,9,0,280,0
zhaoyu161616163com,zhaoyu161616163com,,1,1,2,1,1,2,0,0,0,0,0,0,0.000364,0.001078,11,9,436,0
"陈思江男友",陈思江男友,,1,0,1,1,0,1,0,0,0,0,0.011322,0,0.000459,0.037075,0,0,405,0
10mooc70,10mooc70,,6,6,12,17,12,29,5,0.394018,0.414796,5332.052748,0.05879,0.006573,0.001285,0.152596,0,0,417,0.285714
mooc1508838407675,mooc1508838407675,,1,0,1,1,0,1,0,0,0,0,0.011322,0,0.000459,0.037075,0,0,404,0
Ifyoulikeme,Ifyoulikeme,,1,0,1,1,0,1,0,0,0,0,0.011322,0,0.000459,0.037075,0,0,403,0
"焦亚静170312033",焦亚静170312033,,2,1,3,4,2,6,0,0,0,0,0.013018,0,0.000422,0.033104,2,0,354,0.5
TemporaryAnonymous,TemporaryAnonymous,,2,0,2,3,0,3,0,0,0,0,0.011417,0,0.00065,0.044301,0,0,202,0
"核B71刘续希",核B71刘续希,,1,2,3,2,3,5,6,0.364621,0.407811,116.333333,0.047024,0.00188,0.000449,0.084494,0,0,417,0
Adyamooc,Adyamooc,,3,2,5,20,8,28,6,0.28186,0.308691,401.070202,0.058346,0.000969,0.000544,0.132557,9,0,417,0.5
"物H聂啸宇2173210474SDLX",物H聂啸宇2173210474SDLX,,1,0,1,1,0,1,0,0,0,0,0.013018,0,0.000422,0.029438,2,0,353,0
rainbowmooc311,rainbowmooc311,,4,1,5,11,6,17,0,0,0,0,0.025371,0,0.000638,0.079962,0,0,135,0.5
deepvector,deepvector,,2,6,8,3,9,12,5,0.408631,0.445682,401.070202,0.047024,0.013174,0.000449,0.092378,9,0,417,0.533333
FAFU3175505003杨姝,FAFU3175505003杨姝,,2,0,2,4,0,4,0,0,0,0,0.024341,0,0.000517,0.066513,0,0,352,0.5
L先生mooc38,L先生mooc38,,1,0,1,1,0,1,0,0,0,0,0.011322,0,0.000459,0.037075,0,0,402,0
THREE土me,THREE土me,,2,2,4,3,3,6,6,0.28186,0.308691,0,0.011322,0.000969,0.000459,0.041256,0,0,417,1
"青葱mooc11",青葱mooc11,,1,1,2,1,1,2,6,0.364183,0.406711,0,0.047024,0.001307,0.000449,0.084494,9,0,417,0
Chole_,Chole_,,3,2,5,12,6,18,6,0.364183,0.406711,0,0.060042,0.001307,0.000507,0.124404,2,0,417,0.666667
"夜月若风",夜月若风,,1,0,1,1,0,1,0,0,0,0,0.047024,0,0.000449,0.084494,9,0,279,0
"我愿你就是我的神",我愿你就是我的神,,2,1,3,5,3,8,0,0,0,0,0.047024,0,0.000449,0.092378,9,0,278,0.5
"电气711-齐捷-2174311769-wch",电气711-齐捷-2174311769-wch,,2,4,6,5,6,11,5,0.393762,0.426045,240.730769,0.047222,0.007333,0.000605,0.098806,20,0,417,0.333333
"半分微光照不进旧心房",半分微光照不进旧心房,,1,1,2,2,2,4,0,0,0,0,0,0,0.000364,0.001078,12,10,437,0
"那年夏天mooc80",那年夏天mooc80,,0,1,1,0,2,2,6,0.306411,0.314278,0,0,0.003631,0.000364,0,9,0,438,0
Missmooc367,Missmooc367,,1,0,1,2,0,2,0,0,0,0,0.011322,0,0.000459,0.037075,0,0,401,0
"勿忘心安mooc367",勿忘心安mooc367,,1,0,1,1,0,1,0,0,0,0,0.011322,0,0.000459,0.037075,0,0,400,0
"陈涛2220170765",陈涛2220170765,,1,0,1,1,0,1,0,0,0,0,0.011322,0,0.000459,0.037075,0,0,399,0
"我喜欢笑mooc1",我喜欢笑mooc1,,1,0,1,2,0,2,0,0,0,0,0.011322,0,0.000459,0.037075,0,0,398,0
17级通信工程2班赵琳利,17级通信工程2班赵琳利,,4,1,5,10,2,12,0,0,0,0,0.059376,0,0.000665,0.139237,36,0,137,0.25
"提笔安天下跨马定乾坤",提笔安天下跨马定乾坤,,1,0,1,1,0,1,0,0,0,0,0.047024,0,0.000449,0.084494,9,0,277,0
"蝶震四方",蝶震四方,,1,0,1,2,0,2,0,0,0,0,0.047024,0,0.000449,0.084494,9,0,276,0
"君若mooc1",君若mooc1,,1,1,2,2,1,3,7,0.26737,0.284829,0,0.000066,0.000001,0.000916,0.001286,2,0,422,0
"清风凌月",清风凌月,,1,0,1,1,0,1,0,0,0,0,0.011322,0,0.000459,0.037075,0,0,397,0
szj15973494502163com,szj15973494502163com,,1,0,1,1,0,1,0,0,0,0,0.047024,0,0.000449,0.084494,9,0,275,0
"一只胖子mooc1",一只胖子mooc1,,1,1,2,3,3,6,0,0,0,0,0,0,0.000364,0.001078,13,11,439,0
JL21791005程焱kym,JL21791005程焱kym,,2,1,3,9,3,12,0,0,0,0,0.047024,0,0.000449,0.092378,9,0,274,0.5
"廖意辉-20173265-中南林业科技大学",廖意辉-20173265-中南林业科技大学,,4,2,6,14,4,18,6,0.282781,0.290704,0,0.058676,0.002948,0.000726,0.146444,0,0,417,0.583333
"陌幻ZzZz",陌幻ZzZz,,2,1,3,4,2,6,0,0,0,0,0.011322,0,0.000459,0.041256,0,0,396,0.5
"灬雷淋mooc",灬雷淋mooc,,2,1,3,3,1,4,1,1,1,1,0,0,0.003548,0.001948,14,12,440,0
"软件B172-雷晨",软件B172-雷晨,,1,1,2,1,1,2,1,1,1,0,0,0,0.003377,0.001286,14,12,440,0
"王勇茂",王勇茂,,1,3,4,1,3,4,1,1,1,2,0,0.003034,0.000888,0.001078,2,0,442,0
Smile丶陌离mooc7,Smile丶陌离mooc7,,1,1,2,1,1,2,2,0.6,0.666667,0,0.000152,0,0.000616,0.001078,2,0,442,0
mooc仙鸣,mooc仙鸣,,1,0,1,1,0,1,0,0,0,0,0.000152,0,0.000616,0.001078,2,0,441,0
"影念mooc",影念mooc,,4,1,5,6,1,7,0,0,0,0,0.060194,0,0.000759,0.125744,2,0,236,0.333333
"又萌又二的西瓜冰",又萌又二的西瓜冰,,2,2,4,6,3,9,6,0.282123,0.309791,843,0.011351,0.000972,0.001204,0.038344,0,0,417,0
"狸猫ykt1500462141271",狸猫ykt1500462141271,,3,1,4,13,7,20,0,0,0,0,0.058346,0,0.000544,0.132557,9,0,252,0.333333
"过客mooc318",过客mooc318,,3,1,4,4,2,6,0,0,0,0,0.058346,0,0.000544,0.132557,0,0,201,0.333333
"轻叹花开花落的流年mooc9",轻叹花开花落的流年mooc9,,1,0,1,2,0,2,0,0,0,0,0.013018,0,0.000422,0.029438,2,0,351,0
"晏群莉13330576706",晏群莉13330576706,,3,1,4,14,5,19,0,0,0,0,0.058346,0,0.000544,0.132557,9,0,240,0.333333
"自动化76-2171411534-马智博",自动化76-2171411534-马智博,,2,0,2,2,0,2,0,0,0,0,0.058346,0,0.000544,0.121569,0,0,194,0
mooc1501643540524,mooc1501643540524,,2,2,4,4,3,7,6,0.28186,0.308691,0,0.011322,0.000969,0.000459,0.041256,0,0,417,1
"赵圆圆-2171421600",赵圆圆-2171421600,,2,0,2,5,0,5,0,0,0,0,0.060042,0,0.000507,0.113931,9,0,123,0.5
"李所当然mooc1",李所当然mooc1,,1,1,2,2,1,3,6,0.28186,0.308691,0,0.011322,0.000969,0.000459,0.037075,0,0,417,0
czy15603381979163com,czy15603381979163com,,2,1,3,3,1,4,0,0,0,0,0.047024,0,0.000449,0.092378,9,0,273,0.5
071703314何才文,071703314何才文,,0,1,1,0,2,2,7,0.267283,0.284749,0,0,0.003588,0.000364,0,0,0,443,0
1700300602黄滟坤,1700300602黄滟坤,,2,1,3,3,1,4,0,0,0,0,0.047024,0,0.000449,0.092378,9,0,272,0.5
"沫去mooc4",沫去mooc4,,2,1,3,3,1,4,0,0,0,0,0.047024,0,0.000449,0.092378,9,0,271,0.5
wwxmooc6,wwxmooc6,,2,1,3,10,6,16,0,0,0,0,0.047024,0,0.000449,0.092378,9,0,270,0.5
"爱吃土豆不吃西红柿的兔子",爱吃土豆不吃西红柿的兔子,,6,4,10,39,18,57,5,0.385006,0.420572,2443.642491,0.058906,0.004963,0.001979,0.15259,0,0,417,0.4
m18727319093163com,m18727319093163com,,2,1,3,3,2,5,6,0.278109,0.292217,606,0.00025,0.002954,0.001095,0.013641,0,0,417,0
"自控脑残粉",自控脑残粉,,0,1,1,0,1,1,6,0.278313,0.292559,0,0,0.002954,0.000364,0,0,0,444,0
akay_xu,akay_xu,,2,1,3,5,3,8,0,0,0,0,0,0,0.00056,0.005734,0,0,394,0.5
16统计学,16统计学,,3,2,5,11,3,14,6,0.364183,0.406711,0,0.060042,0.001307,0.000507,0.124404,2,0,417,0.666667
"王茜菲制药工程2班",王茜菲制药工程2班,,1,0,1,2,0,2,0,0,0,0,0.047024,0,0.000449,0.084494,9,0,269,0
"許妳星空花火",許妳星空花火,,3,1,4,8,2,10,0,0,0,0,0.060042,0,0.000507,0.124404,9,0,264,0.5
"欧阳若莹",欧阳若莹,,1,0,1,1,0,1,0,0,0,0,0.013018,0,0.000422,0.029438,2,0,350,0
o卟荏輸mooc24,o卟荏輸mooc24,,2,1,3,3,1,4,0,0,0,0,0.047024,0,0.000449,0.092378,9,0,268,0.5
m1940289970163com,m1940289970163com,,2,0,2,6,0,6,0,0,0,0,0.060042,0,0.000507,0.113931,9,0,267,0.5
m17860711810163com,m17860711810163com,,3,1,4,7,1,8,6,0.364183,0.406711,391.642491,0.058622,0.001307,0.00087,0.137001,0,0,417,0.666667
"存在既合理",存在既合理,,3,1,4,7,2,9,0,0,0,0,0.058346,0,0.000544,0.132557,0,0,218,0.333333
"园艺171李铱洋",园艺171李铱洋,,1,1,2,2,2,4,0,0,0,0,0,0,0.000364,0.001078,15,13,445,0
"崔呈旭软工1707201702801033",崔呈旭软工1707201702801033,,1,0,1,2,0,2,0,0,0,0,0.013018,0,0.000422,0.029438,2,0,349,0
171411083蔺稚琪,171411083蔺稚琪,,1,0,1,1,0,1,0,0,0,0,0.047024,0,0.000449,0.084494,9,0,265,0
"鬼厉mooc9",鬼厉mooc9,,1,0,1,2,0,2,0,0,0,0,0.047024,0,0.000449,0.084494,9,0,263,0
"黎歌mooc4",黎歌mooc4,,1,0,1,1,0,1,0,0,0,0,0.047024,0,0.000449,0.084494,9,0,262,0
SEU-16017208-赵子昱,SEU-16017208-赵子昱,,1,0,1,4,0,4,0,0,0,0,0.047024,0,0.000449,0.084494,9,0,261,0
6Peins,6Peins,,0,1,1,0,2,2,7,0.267283,0.284749,0,0,0.002364,0.000364,0,9,0,446,0
"半夏微凉mooc121",半夏微凉mooc121,,3,2,5,5,4,9,6,0.364183,0.406711,606,0.047142,0.001307,0.000759,0.093456,9,0,417,0.5
ysu170113060075,ysu170113060075,,1,0,1,1,0,1,0,0,0,0,0.047024,0,0.000449,0.084494,9,0,260,0
"风逸0",风逸0,,1,1,2,1,1,2,7,0.220124,0.232324,0,0.000049,0.000569,0.000876,0.00399,0,0,417,0
"你是我所有选择",你是我所有选择,,1,0,1,1,0,1,0,0,0,0,0.011322,0,0.000459,0.037075,0,0,393,0
"小布丁鸡汤",小布丁鸡汤,,2,1,3,3,2,5,0,0,0,0,0.047024,0,0.000449,0.092378,9,0,259,0.5
"千夜死神",千夜死神,,1,0,1,1,0,1,0,0,0,0,0.047024,0,0.000449,0.084494,9,0,258,0
Ay乌龙茶,Ay乌龙茶,,3,1,4,19,10,29,0,0,0,0,0.060042,0,0.000507,0.124404,9,0,257,0.5
"大梦甜么么嗨",大梦甜么么嗨,,1,0,1,1,0,1,0,0,0,0,0.047024,0,0.000449,0.084494,9,0,256,0
Forevermooc699,Forevermooc699,,3,3,6,9,4,13,5,0.407806,0.443207,1005.070202,0.047262,0.002276,0.000577,0.100974,9,0,417,0.416667
ACCA71班2171411551李宇轩孙德龙褚蕾蕾,ACCA71班2171411551李宇轩孙德龙褚蕾蕾,,2,2,4,6,4,10,6,0.364183,0.406711,0,0.047024,0.001307,0.000449,0.092378,9,0,417,1
15435,15435,,1,0,1,1,0,1,0,0,0,0,0.047024,0,0.000449,0.084494,9,0,255,0
mooc1504584826709,mooc1504584826709,,1,0,1,1,0,1,0,0,0,0,0.047024,0,0.000449,0.084494,9,0,254,0
016王莹,016王莹,,2,1,3,3,1,4,0,0,0,0,0.011322,0,0.000459,0.041256,0,0,392,0.5
"邂逅在繁华的角落",邂逅在繁华的角落,,0,1,1,0,2,2,7,0.220167,0.232353,0,0,0.001247,0.000364,0,16,0,447,0
"电气73李京津2176122888-dyh",电气73李京津2176122888-dyh,,4,5,9,6,5,11,6,0.284641,0.29593,469.64777,0.04795,0.006587,0.000649,0.106595,20,0,417,0.3
"小意达的花mooc1",小意达的花mooc1,,1,0,1,1,0,1,0,0,0,0,0.047024,0,0.000449,0.084494,9,0,253,0
"灿烂的FUTURE",灿烂的FUTURE,,0,1,1,0,2,2,6,0.306411,0.314278,0,0,0.003631,0.000364,0,9,0,448,0
"信息75班2176122431王雅雯",信息75班2176122431王雅雯,,2,1,3,5,1,6,7,0.267196,0.284669,0,0.047208,0.002364,0.00076,0.093093,9,0,417,1
hkdp5车辆171苗雪锋042,hkdp5车辆171苗雪锋042,,1,1,2,2,1,3,6,0.364183,0.406711,0,0.047024,0.001307,0.000449,0.084494,9,0,417,0
"七百年后mooc1999",七百年后mooc1999,,2,1,3,18,8,26,0,0,0,0,0.047024,0,0.000449,0.092378,9,0,251,0.5
du1244895619163com,du1244895619163com,,1,0,1,1,0,1,0,0,0,0,0.047024,0,0.000449,0.084494,9,0,250,0
"经济74_2173711663_姜泓任",经济74_2173711663_姜泓任,,3,1,4,12,5,17,0,0,0,0,0.058346,0,0.000544,0.132557,9,0,249,0.333333
"电气79党如静2174120098-dyh",电气79党如静2174120098-dyh,,1,0,1,1,0,1,0,0,0,0,0.047024,0,0.000449,0.084494,9,0,248,0
xzsy1702班薛美霞,xzsy1702班薛美霞,,2,2,4,5,2,7,5,0.407806,0.443207,792.712693,0.058346,0.002276,0.000544,0.121569,0,0,417,0
Grassrootboy,Grassrootboy,,2,1,3,4,1,5,6,0.28186,0.308691,209.333333,0.011653,0.000969,0.00057,0.046228,20,0,417,0
"马晟云",马晟云,,2,1,3,5,4,9,0,0,0,0,0.000263,0,0.000559,0.017647,9,0,136,0.5
"王梓XJTU",王梓XJTU,,1,0,1,1,0,1,0,0,0,0,0.047024,0,0.000449,0.084494,9,0,247,0
"程序狗ll",程序狗ll,,2,3,5,3,5,8,6,0.29023,0.305143,0,0.047024,0.00474,0.000449,0.092378,9,0,417,0.5
"文扎格里奥",文扎格里奥,,4,3,7,10,5,15,6,0.364621,0.407811,843,0.060194,0.001311,0.001076,0.12641,9,0,417,0.5
zg15837712284163com,zg15837712284163com,,2,0,2,5,0,5,0,0,0,0,0.047262,0,0.000577,0.092378,9,0,246,0.5
"展翅飞翔mooc12",展翅飞翔mooc12,,2,1,3,5,2,7,0,0,0,0,0.047024,0,0.000449,0.092378,9,0,245,0.5
CoComooc247,CoComooc247,,2,1,3,3,1,4,0,0,0,0,0.047024,0,0.000449,0.092378,9,0,244,0.5
"暮暮mooc8",暮暮mooc8,,2,1,3,4,1,5,6,0.28186,0.308691,401.070202,0.058346,0.000969,0.000544,0.121569,9,0,417,0
150304125刘畅,150304125刘畅,,2,1,3,4,2,6,0,0,0,0,0.011322,0,0.000459,0.041256,0,0,391,0.5
SFUMATO,SFUMATO,,1,0,1,3,0,3,0,0,0,0,0.011322,0,0.000459,0.037075,0,0,390,0
"脑子出走",脑子出走,,1,1,2,3,2,5,6,0.364183,0.406711,0,0.047024,0.001307,0.000449,0.084494,9,0,417,0
"不断告别mooc",不断告别mooc,,1,0,1,1,0,1,0,0,0,0,0.047024,0,0.000449,0.084494,9,0,243,0
"林逸舟客",林逸舟客,,3,1,4,12,4,16,0,0,0,0,0.048054,0,0.000571,0.099058,9,0,134,0.333333
"笨鸟先飞mooc18",笨鸟先飞mooc18,,2,2,4,4,2,6,6,0.364183,0.406711,0,0.047024,0.001307,0.000449,0.092378,9,0,417,1
Li小东哥哥,Li小东哥哥,,1,1,2,2,1,3,6,0.364183,0.406711,0,0.047024,0.001307,0.000449,0.084494,9,0,417,0
"你的笑容魅惑了我的瞳孔",你的笑容魅惑了我的瞳孔,,1,0,1,1,0,1,0,0,0,0,0.047024,0,0.000449,0.084494,9,0,242,0
"机730班2174111437普安棋陈虎民齐雪林",机730班2174111437普安棋陈虎民齐雪林,,1,0,1,2,0,2,0,0,0,0,0.047024,0,0.000449,0.084494,9,0,241,0
"馨琛",馨琛,,1,0,1,3,0,3,0,0,0,0,0.047024,0,0.000449,0.084494,9,0,239,0
"不完美小孩mooc32",不完美小孩mooc32,,2,1,3,7,2,9,0,0,0,0,0.047024,0,0.000449,0.092378,9,0,238,0.5
Wcl经71邵程远2150506061,Wcl经71邵程远2150506061,,1,0,1,1,0,1,0,0,0,0,0.047024,0,0.000449,0.084494,9,0,237,0
"盖世龙王",盖世龙王,,1,1,2,2,1,3,6,0.364183,0.406711,0,0.047024,0.001307,0.000449,0.084494,9,0,417,0
"我是管理员大大",我是管理员大大,,2,1,3,3,1,4,0,0,0,0,0.047024,0,0.000449,0.092378,9,0,235,0.5
mooc1462067341235,mooc1462067341235,,1,0,1,1,0,1,0,0,0,0,0.047024,0,0.000449,0.084494,9,0,234,0
tyx2017fighting163com,tyx2017fighting163com,,2,1,3,3,1,4,0,0,0,0,0.047024,0,0.000449,0.092378,9,0,230,0.5
ALYNmooc1,ALYNmooc1,,1,0,1,1,0,1,0,0,0,0,0.047024,0,0.000449,0.084494,9,0,229,0
ESTC19FB18G7,ESTC19FB18G7,,2,2,4,6,3,9,6,0.364183,0.406711,0,0.047024,0.001307,0.000449,0.092378,9,0,417,1
"电子74阮子玉",电子74阮子玉,,1,0,1,1,0,1,0,0,0,0,0.047024,0,0.000449,0.084494,9,0,228,0
"毕竟我这么冷炫酷",毕竟我这么冷炫酷,,3,1,4,9,5,14,0,0,0,0,0.058346,0,0.000544,0.132557,9,0,227,0.333333
"Ж古巷幽思",Ж古巷幽思,,1,0,1,4,0,4,0,0,0,0,0.047024,0,0.000449,0.084494,9,0,226,0
"微尘mooc162",微尘mooc162,,2,1,3,9,4,13,0,0,0,0,0.047024,0,0.000449,0.092378,9,0,224,0.5
2174214112高浩东机械71,2174214112高浩东机械71,,2,2,4,5,2,7,5,0.407806,0.443207,792.712693,0.058346,0.002276,0.000544,0.121569,0,0,417,0
"长高啦",长高啦,,3,4,7,5,7,12,6,0.331873,0.354758,149.964103,0.024341,0.00336,0.000517,0.073282,30,0,417,0.3
"机械71-何江涛-2176111243_wf",机械71-何江涛-2176111243_wf,,4,4,8,46,31,77,5,0.483639,0.491529,1968.945239,0.071365,0.002546,0.000602,0.164583,9,0,417,0.666667
"制药李爽",制药李爽,,2,1,3,3,1,4,0,0,0,0,0.047024,0,0.000449,0.092378,9,0,222,0.5
ACCA72班2172223514彭馨仪孙德龙褚蕾蕾,ACCA72班2172223514彭馨仪孙德龙褚蕾蕾,,2,2,4,6,4,10,6,0.364183,0.406711,0,0.047024,0.001307,0.000449,0.092378,9,0,417,1
04121710班2017212039,04121710班2017212039,,2,1,3,3,1,4,0,0,0,0,0.047024,0,0.000449,0.092378,9,0,221,0.5
"邵院17电信32号秦婷",邵院17电信32号秦婷,,1,0,1,1,0,1,0,0,0,0,0.047024,0,0.000449,0.084494,9,0,220,0
"雨22",雨22,,3,3,6,3,3,6,7,0.221007,0.226556,843,0.000149,0.000017,0.001221,0.00535,0,0,417,0.666667
"殇mooc495",殇mooc495,,1,1,2,1,1,2,8,0.181058,0.184412,0,0.000001,0.000007,0.000711,0.001721,0,0,417,0
"北极熊mooc25",北极熊mooc25,,8,1,9,66,30,96,0,0,0,0,0.072573,0,0.002082,0.176672,9,0,191,0.214286
"萨瓦迪卡mooc16",萨瓦迪卡mooc16,,1,1,2,3,1,4,6,0.364183,0.406711,0,0.047024,0.001307,0.000449,0.084494,9,0,417,0
HZAU生信1702贺奎,HZAU生信1702贺奎,,2,1,3,7,3,10,0,0,0,0,0.047024,0,0.000449,0.092378,9,0,219,0.5
"刘梦真201730803052",刘梦真201730803052,,1,0,1,3,0,3,0,0,0,0,0.047024,0,0.000449,0.084494,9,0,217,0
m13905310071163com,m13905310071163com,,1,1,2,2,1,3,6,0.364183,0.406711,0,0.047024,0.001307,0.000449,0.084494,9,0,417,0
Jason-Biden,Jason-Biden,,2,0,2,4,0,4,0,0,0,0,0.047208,0,0.000604,0.085339,17,0,216,0.5
hrbeu2017151201,hrbeu2017151201,,3,2,5,6,2,8,6,0.364183,0.406711,391.642491,0.058346,0.001307,0.000544,0.132557,0,0,417,0.5
"殊不知关系",殊不知关系,,1,1,2,1,1,2,7,0.267196,0.284669,0,0.047024,0.002373,0.000449,0.084494,30,0,417,1
"赵朔88",赵朔88,,4,2,6,12,5,17,6,0.364183,0.406711,601,0.060558,0.001307,0.00071,0.126867,2,0,417,0.416667
"重庆大学007班20175306",重庆大学007班20175306,,1,0,1,1,0,1,0,0,0,0,0.047024,0,0.000449,0.084494,9,0,215,0
"信息73闫陶陶2176122602kym复chm",信息73闫陶陶2176122602kym复chm,,1,0,1,1,0,1,0,0,0,0,0.047024,0,0.000449,0.084494,9,0,214,0
"吃掉星星的人",吃掉星星的人,,2,1,3,6,2,8,0,0,0,0,0.047024,0,0.000449,0.092378,9,0,213,0.5
"伊辰伊橙",伊辰伊橙,,3,3,6,33,14,47,5,0.407806,0.443207,792.712693,0.058346,0.002276,0.000544,0.132557,9,0,417,0.666667
"投手超",投手超,,1,0,1,1,0,1,0,0,0,0,0.047024,0,0.000449,0.084494,9,0,212,0
1701410108韦海连,1701410108韦海连,,1,1,2,3,1,4,6,0.364183,0.406711,0,0.047024,0.001307,0.000449,0.084494,9,0,417,0
wust教学班2754电科1701201704193007,wust教学班2754电科1701201704193007,,1,0,1,1,0,1,0,0,0,0,0.047024,0,0.000449,0.084494,9,0,211,0
"追梦5201314",追梦5201314,,5,2,7,57,18,75,5,0.407806,0.443207,1398.712693,0.072207,0.002276,0.000975,0.159736,9,0,417,0.25
dragonflymooc8,dragonflymooc8,,1,1,2,2,1,3,6,0.364183,0.406711,0,0.047024,0.001307,0.000449,0.084494,9,0,417,0
"刚虚心",刚虚心,,2,1,3,3,1,4,0,0,0,0,0.047024,0,0.000449,0.092378,9,0,210,0.5
"疾医",疾医,,3,0,3,8,0,8,0,0,0,0,0.060194,0,0.000817,0.114776,9,0,209,0.166667
AYLmooc2,AYLmooc2,,2,1,3,7,3,10,0,0,0,0,0.047024,0,0.000449,0.092378,9,0,208,0.5
njuptB17160107黄姗,njuptB17160107黄姗,,3,1,4,10,3,13,0,0,0,0,0.058346,0,0.000544,0.132557,0,0,207,0.333333
"旅游1701崔敏",旅游1701崔敏,,2,2,4,6,3,9,6,0.364183,0.406711,0,0.047024,0.001307,0.000449,0.092378,9,0,417,1
"文森特Vincent",文森特Vincent,,1,1,2,3,1,4,6,0.364183,0.406711,0,0.047024,0.001307,0.000449,0.084494,9,0,417,0
"电气713刘雨欣2173422127-dyh",电气713刘雨欣2173422127-dyh,,1,1,2,5,2,7,6,0.364183,0.406711,0,0.047024,0.001307,0.000449,0.084494,9,0,417,0
"贾文博170407106574",贾文博170407106574,,2,0,2,2,0,2,0,0,0,0,0.060042,0,0.000507,0.113931,2,0,206,0.5
"奋学",奋学,,2,1,3,4,1,5,0,0,0,0,0.047024,0,0.000449,0.092378,9,0,205,0.5
Ryyy,Ryyy,,2,1,3,8,2,10,0,0,0,0,0.047024,0,0.000449,0.092378,9,0,204,0.5
Oliviacoollalal3322,Oliviacoollalal3322,,1,1,2,3,2,5,6,0.364183,0.406711,0,0.047024,0.001307,0.000449,0.084494,9,0,417,0
JLHG1710940113孙启元,JLHG1710940113孙启元,,3,1,4,7,2,9,0,0,0,0,0.047142,0,0.000891,0.093689,18,0,203,0.333333
"盖伦0825",盖伦0825,,1,1,2,1,2,3,1,1,1,0.5,0.000066,0.002364,0.000519,0.000845,18,0,449,0
"陪我三个夏天",陪我三个夏天,,1,0,1,3,0,3,0,0,0,0,0.047024,0,0.000449,0.084494,9,0,200,0
Supremanmooc,Supremanmooc,,2,1,3,7,3,10,0,0,0,0,0.047024,0,0.000449,0.092378,9,0,199,0.5
QZTC171601019谭雯,QZTC171601019谭雯,,1,1,2,1,1,2,0,0,0,0,0,0,0.000364,0.001078,19,14,450,0
"傲娇毛裤正方形",傲娇毛裤正方形,,2,2,4,4,2,6,6,0.364183,0.406711,0,0.047024,0.001307,0.000449,0.092378,9,0,417,1
"工业工程71郑沐林2174410441",工业工程71郑沐林2174410441,,2,1,3,4,1,5,0,0,0,0,0.047024,0,0.000449,0.092378,9,0,198,0.5
"能动A52-2152004021-刘翔-张永怀老师",能动A52-2152004021-刘翔-张永怀老师,,2,1,3,3,1,4,0,0,0,0,0.011322,0,0.000459,0.041256,0,0,389,0.5
"王昱昊mooc",王昱昊mooc,,1,0,1,1,0,1,0,0,0,0,0.047024,0,0.000449,0.084494,9,0,197,0
"张廷玉MOOC2",张廷玉MOOC2,,2,1,3,3,1,4,0,0,0,0,0.047024,0,0.000449,0.092378,9,0,195,0.5
"是光是希望是信仰",是光是希望是信仰,,1,0,1,1,0,1,0,0,0,0,0.047024,0,0.000449,0.084494,9,0,193,0
"机械77李辉",机械77李辉,,2,0,2,4,0,4,0,0,0,0,0.058346,0,0.000544,0.121569,0,0,192,0
201701001056董浩,201701001056董浩,,1,1,2,3,1,4,6,0.364183,0.406711,0,0.047024,0.001307,0.000449,0.084494,9,0,417,0
"周玥瑶",周玥瑶,,4,2,6,23,7,30,6,0.364183,0.406711,927.055556,0.047311,0.001307,0.000941,0.107691,30,0,417,0.416667
"听风念亽mooc2",听风念亽mooc2,,1,1,2,1,1,2,6,0.28186,0.308691,0,0.011322,0.000969,0.000459,0.037075,0,0,417,0
"郑晗阳",郑晗阳,,3,0,3,6,0,6,0,0,0,0,0.01138,0,0.001079,0.038765,0,0,388,0
"王仕杰mooc",王仕杰mooc,,0,1,1,0,2,2,1,1,1,0,0,0.000571,0.000364,0,0,0,451,0
"田松旗",田松旗,,0,1,1,0,2,2,1,1,1,0,0,0.000571,0.000364,0,0,0,452,0
"管工71班2176213560马宇飞dyh1",管工71班2176213560马宇飞dyh1,,3,3,6,8,5,13,5,0.456669,0.47104,875.155719,0.060042,0.001577,0.000507,0.124404,2,0,417,0.833333
Leisuremoment,Leisuremoment,,2,1,3,3,1,4,0,0,0,0,0.047024,0,0.000449,0.092378,9,0,190,0.5
"此去经年mooc121",此去经年mooc121,,1,0,1,1,0,1,0,0,0,0,0.047024,0,0.000449,0.084494,9,0,189,0
cjh528500163com,cjh528500163com,,1,1,2,2,1,3,6,0.364183,0.406711,0,0.047024,0.001307,0.000449,0.084494,9,0,417,0
"怎厌mooc2",怎厌mooc2,,2,1,3,3,1,4,0,0,0,0,0.047024,0,0.000449,0.092378,9,0,188,0.5
YYFmooc7,YYFmooc7,,2,2,4,3,2,5,6,0.364183,0.406711,0,0.047024,0.001307,0.000449,0.092378,9,0,417,1
Yiko子子子子,Yiko子子子子,,5,2,7,13,2,15,6,0.364183,0.406711,1212,0.047731,0.001307,0.001223,0.110192,31,0,417,0.35
"殊方绝域",殊方绝域,,0,1,1,0,1,1,7,0.267283,0.284749,0,0,0.002394,0.000364,0,31,0,453,0
"鱼缸mooc3",鱼缸mooc3,,1,0,1,1,0,1,0,0,0,0,0.047024,0,0.000449,0.084494,9,0,187,0
"曹雪楠楠楠",曹雪楠楠楠,,3,2,5,8,6,14,6,0.326509,0.32995,0,0.058346,0.003625,0.000544,0.132557,9,0,417,0.583333
"哈哈哈mooc233",哈哈哈mooc233,,1,0,1,1,0,1,0,0,0,0,0.047024,0,0.000449,0.084494,9,0,186,0
"西交电气",西交电气,,0,1,1,0,1,1,6,0.290014,0.304091,0,0,0.003621,0.000364,0,9,0,454,0
Usummer,Usummer,,2,1,3,12,7,19,0,0,0,0,0.047024,0,0.000449,0.092378,9,0,120,0.5
"云卷云舒mooc156",云卷云舒mooc156,,3,3,6,5,5,10,6,0.364402,0.407536,605,0.047142,0.003675,0.001095,0.10103,9,0,417,0.833333
"没名字121度",没名字121度,,1,0,1,1,0,1,0,0,0,0,0.047024,0,0.000449,0.084494,9,0,185,0
"哇咔锋",哇咔锋,,1,1,2,2,1,3,6,0.364183,0.406711,0,0.047024,0.001307,0.000449,0.084494,9,0,417,0
031720422 董良勇,031720422 董良勇,,1,0,1,1,0,1,0,0,0,0,0.047024,0,0.000449,0.084494,9,0,184,0
2120162427,2120162427,,2,5,7,4,9,13,7,0.268498,0.289427,844.5,0.000066,0.010288,0.001197,0.015056,20,0,417,0
"苏黎世的樱花雨mooc",苏黎世的樱花雨mooc,,1,0,1,2,0,2,0,0,0,0,0.000516,0,0.000568,0.002127,20,0,45,0
"乌托邦mooc60",乌托邦mooc60,,2,7,9,2,11,13,6,0.368837,0.388586,615.292214,0.013349,0.01301,0.000532,0.03859,20,0,417,0.02381
Eliron,Eliron,,6,0,6,12,0,12,0,0,0,0,0.048988,0,0.001289,0.107835,20,0,12,0.1
"风小筝mooc",风小筝mooc,,1,0,1,2,0,2,0,0,0,0,0.047024,0,0.000449,0.084494,9,0,183,0
hitwh170810306-董世康,hitwh170810306-董世康,,1,1,2,2,1,3,6,0.364183,0.406711,0,0.047024,0.001307,0.000449,0.084494,9,0,417,0
"默mooc921",默mooc921,,1,1,2,3,1,4,6,0.364183,0.406711,0,0.047024,0.001307,0.000449,0.084494,9,0,417,0
"张卫良",张卫良,,2,7,9,2,10,12,6,0.368389,0.387349,610.296091,0.00022,0.004081,0.00048,0.006208,20,0,417,0.238095
"初衷mooc92",初衷mooc92,,1,1,2,1,2,3,1,1,1,0,0.000205,0.002457,0.000423,0.001608,20,0,13,0.5
"昂驹mooc",昂驹mooc,,2,2,4,3,2,5,6,0.364621,0.407811,44.833333,0.060042,0.003688,0.000507,0.113931,25,0,417,0.333333
"丶CruelDarkness",丶CruelDarkness,,2,1,3,5,3,8,0,0,0,0,0.047024,0,0.000449,0.092378,9,0,182,0.5
"环工162樊文杰160401235",环工162樊文杰160401235,,0,1,1,0,2,2,1,1,1,0,0,0.002934,0.000364,0,9,0,455,0
"堇色素颜凉城空mooc10",堇色素颜凉城空mooc10,,3,1,4,6,2,8,0,0,0,0,0.047142,0,0.000759,0.093456,21,0,180,0.333333
04121702班2017211731,04121702班2017211731,,0,1,1,0,2,2,1,1,1,0,0,0.002364,0.000364,0,21,0,456,0
"梦里就想啃汉堡",梦里就想啃汉堡,,5,1,6,17,7,24,0,0,0,0,0.047381,0,0.001428,0.0982,9,0,179,0.2
Memory彡恒,Memory彡恒,,2,1,3,3,1,4,0,0,0,0,0.047024,0,0.000449,0.092378,9,0,178,0.5
"风吹麦浪mooc51",风吹麦浪mooc51,,2,2,4,7,5,12,6,0.364183,0.406711,0,0.047024,0.001307,0.000449,0.092378,9,0,417,1
"一只笨喵",一只笨喵,,2,1,3,5,4,9,0,0,0,0,0.013018,0,0.000422,0.033104,2,0,348,0.5
"九日尧长",九日尧长,,1,0,1,1,0,1,0,0,0,0,0.047024,0,0.000449,0.084494,9,0,177,0
Fogandhaze,Fogandhaze,,1,0,1,1,0,1,0,0,0,0,0.011322,0,0.000459,0.037075,0,0,387,0
201716064222,201716064222,,2,1,3,6,1,7,6,0.364183,0.406711,0,0.047208,0.001307,0.000553,0.085572,22,0,417,0.5
"河南科技大学张振伟",河南科技大学张振伟,,1,3,4,1,4,5,6,0.364565,0.407688,0,0,0.003675,0.000364,0.001078,22,0,457,0.666667
Bellasmith,Bellasmith,,3,2,5,6,4,10,6,0.364183,0.406711,391.642491,0.058346,0.001307,0.000544,0.132557,0,0,417,0.5
"东京的樱花飘满巴黎mooc1",东京的樱花飘满巴黎mooc1,,3,0,3,4,0,4,0,0,0,0,0.071365,0,0.000602,0.151007,0,0,176,0.333333
vvbmn123,vvbmn123,,1,0,1,1,0,1,0,0,0,0,0.047024,0,0.000449,0.084494,9,0,175,0
"为听风吟",为听风吟,,2,1,3,3,1,4,0,0,0,0,0.047024,0,0.000449,0.092378,9,0,174,0.5
"咖啡不要糖丶",咖啡不要糖丶,,2,2,4,3,4,7,6,0.36506,0.408223,838,0.04754,0.001311,0.000653,0.08662,20,0,417,0
FAFUDF1760511037,FAFUDF1760511037,,2,1,3,3,1,4,0,0,0,0,0.047024,0,0.000449,0.092378,9,0,173,0.5
"菲尔普斯刘",菲尔普斯刘,,1,1,2,1,1,2,6,0.28186,0.308691,0,0.011322,0.000969,0.000459,0.037075,0,0,417,0
sm52065204,sm52065204,,2,1,3,4,1,5,8,0.21174,0.22202,237,0.04754,0.000003,0.000653,0.08662,9,0,417,0
n243266v,n243266v,,1,1,2,1,1,2,0,0,0,0,0,0,0.000364,0.001078,23,15,458,0
"百味_路",百味_路,,1,0,1,1,0,1,0,0,0,0,0.047024,0,0.000449,0.084494,9,0,172,0
"萤火虫微光mooc",萤火虫微光mooc,,1,1,2,1,1,2,7,0.267314,0.284807,0,0.000066,0.003019,0.000669,0.01077,9,0,417,0
"不屈剑",不屈剑,,1,0,1,1,0,1,0,0,0,0,0.047024,0,0.000449,0.084494,9,0,171,0
"说是寂寞的秋的清愁mooc",说是寂寞的秋的清愁mooc,,1,0,1,1,0,1,0,0,0,0,0.047024,0,0.000449,0.084494,9,0,170,0
"逃离mooc33",逃离mooc33,,1,0,1,1,0,1,0,0,0,0,0.013018,0,0.000422,0.029438,2,0,347,0
"橙mooc120",橙mooc120,,1,0,1,1,0,1,0,0,0,0,0.013018,0,0.000422,0.029438,2,0,346,0
"超神mooc8",超神mooc8,,1,0,1,1,0,1,0,0,0,0,0.047024,0,0.000449,0.084494,9,0,169,0
"自动化172班孟锐烨1712011056",自动化172班孟锐烨1712011056,,1,0,1,1,0,1,0,0,0,0,0.047024,0,0.000449,0.084494,9,0,168,0
"电子73刘益创2174213813kymchm",电子73刘益创2174213813kymchm,,1,0,1,1,0,1,0,0,0,0,0.047024,0,0.000449,0.084494,9,0,167,0
"一人约定",一人约定,,1,1,2,1,1,2,1,1,1,22.416667,0.013018,0.002376,0.000422,0.029438,2,0,345,0
xc1071249555163com,xc1071249555163com,,1,0,1,1,0,1,0,0,0,0,0.013018,0,0.000422,0.029438,2,0,344,0
MongoDBW,MongoDBW,,1,1,2,2,2,4,0,0,0,0,0,0,0.000364,0.001078,24,16,459,0
mooc1506063380640,mooc1506063380640,,1,0,1,1,0,1,0,0,0,0,0.013018,0,0.000422,0.029438,2,0,343,0
"呦呵mooc22",呦呵mooc22,,1,1,2,1,1,2,6,0.306215,0.313971,0,0.000479,0.003631,0.000636,0.015946,9,0,417,0
"墨迹L",墨迹L,,1,0,1,1,0,1,0,0,0,0,0.013018,0,0.000422,0.029438,2,0,342,0
"强子mooc50",强子mooc50,,1,0,1,1,0,1,0,0,0,0,0.013018,0,0.000422,0.029438,2,0,341,0
"老人与山",老人与山,,2,1,3,4,2,6,0,0,0,0,0.013018,0,0.000422,0.033104,2,0,340,0.5
tabristrees,tabristrees,,2,1,3,5,2,7,0,0,0,0,0.013018,0,0.000422,0.033104,2,0,339,0.5
"黑妹mooc8",黑妹mooc8,,1,1,2,2,1,3,6,0.28186,0.308691,0,0.011322,0.000969,0.000459,0.037075,0,0,417,0
"装逼未遂",装逼未遂,,1,0,1,1,0,1,0,0,0,0,0.013018,0,0.000422,0.029438,2,0,338,0
"经济72班2173611821郭智全Wcl",经济72班2173611821郭智全Wcl,,1,0,1,1,0,1,0,0,0,0,0.013018,0,0.000422,0.029438,2,0,337,0
1024p,1024p,,4,2,6,6,4,10,2,0.666667,0.75,240,0.047476,0,0.000873,0.105062,25,0,151,0.5
"苍穹的幻影",苍穹的幻影,,1,1,2,1,1,2,6,0.36528,0.381023,0,0.013018,0.00027,0.000422,0.029438,2,0,417,0
mooc1509788583481,mooc1509788583481,,2,2,4,6,4,10,6,0.306215,0.313971,0,0.000479,0.003631,0.000636,0.018345,9,0,417,1
newstartmooc17,newstartmooc17,,1,0,1,4,0,4,0,0,0,0,0.047024,0,0.000449,0.084494,9,0,166,0
"王总和他的梦想",王总和他的梦想,,0,1,1,0,2,2,6,0.32652,0.329956,0,0,0.003625,0.000364,0,9,0,460,0
spacemooc28,spacemooc28,,1,0,1,2,0,2,0,0,0,0,0.047024,0,0.000449,0.084494,9,0,165,0
"至尊傻乐",至尊傻乐,,0,1,1,0,2,2,1,1,1,0,0,0.002376,0.000364,0,9,0,461,0
"半夏微凉mooc146",半夏微凉mooc146,,2,0,2,3,0,3,0,0,0,0,0.047142,0,0.000759,0.085339,9,0,164,0
"青枫蒲上",青枫蒲上,,0,1,1,0,1,1,1,1,1,0,0,0.002364,0.000364,0,9,0,462,0
mooc1507813699190,mooc1507813699190,,1,1,2,1,1,2,6,0.28186,0.308691,0,0.011322,0.000969,0.000459,0.037075,0,0,417,0
Myheartwillgoonmooc15,Myheartwillgoonmooc15,,3,1,4,10,2,12,0,0,0,0,0.047142,0,0.000808,0.096045,9,0,163,0.333333
"才虚心",才虚心,,4,4,8,35,18,53,5,0.397377,0.42819,1651.035234,0.060194,0.004353,0.001085,0.13324,2,0,417,0.5
"马丁507",马丁507,,1,0,1,1,0,1,0,0,0,0,0.047024,0,0.000449,0.084494,9,0,162,0
lazing,lazing,,2,1,3,3,1,4,0,0,0,0,0.047024,0,0.000449,0.092378,9,0,161,0.5
mooc1505653544077,mooc1505653544077,,2,0,2,3,0,3,0,0,0,0,0.058346,0,0.000544,0.121569,0,0,160,0
"境界ykt1448031485974",境界ykt1448031485974,,2,2,4,3,3,6,6,0.326509,0.32995,0,0.047024,0.003612,0.000449,0.092378,9,0,417,0.666667
43-聂顺-201721090206,43-聂顺-201721090206,,1,1,2,2,1,3,6,0.364183,0.406711,0,0.047024,0.001307,0.000449,0.084494,9,0,417,0
"杨玉冰2174520322",杨玉冰2174520322,,2,1,3,4,2,6,0,0,0,0,0.047024,0,0.000449,0.092378,9,0,159,0.5
"电气77贺明康2171311070-dyh",电气77贺明康2171311070-dyh,,5,4,9,16,6,22,5,0.457358,0.47214,1818.239139,0.071732,0.003945,0.00073,0.173632,20,0,417,0.55
mooc1498989339455,mooc1498989339455,,1,1,2,4,4,8,6,0.364183,0.406711,0,0.047024,0.001307,0.000449,0.084494,9,0,417,0
"浮若年华mooc19",浮若年华mooc19,,1,0,1,1,0,1,0,0,0,0,0.047024,0,0.000449,0.084494,9,0,157,0
s1700501728,s1700501728,,2,1,3,4,2,6,0,0,0,0,0.011322,0,0.000459,0.041256,0,0,386,0.5
m178653546102163com,m178653546102163com,,2,0,2,4,0,4,0,0,0,0,0.058346,0,0.000544,0.121569,0,0,107,0
2班-04-姚桂恒,2班-04-姚桂恒,,1,0,1,1,0,1,0,0,0,0,0.011322,0,0.000459,0.037075,0,0,385,0
mooc1505377387199,mooc1505377387199,,2,1,3,4,1,5,0,0,0,0,0.047024,0,0.000449,0.092378,9,0,156,0.5
"王海乐",王海乐,,1,0,1,2,0,2,0,0,0,0,0.047024,0,0.000449,0.084494,9,0,155,0
yangzhenddds,yangzhenddds,,1,0,1,1,0,1,0,0,0,0,0.047024,0,0.000449,0.084494,9,0,154,0
"电气77刘胜伟2175311150-dxf",电气77刘胜伟2175311150-dxf,,2,1,3,4,2,6,0,0,0,0,0.047024,0,0.000449,0.092378,9,0,153,0.5
"机测控71_吴朝宇-2174311744-ZXY",机测控71_吴朝宇-2174311744-ZXY,,1,1,2,1,2,3,1,1,1,22.416667,0.013018,0.002364,0.000422,0.029438,9,0,308,0
"石河子大学2017级临床5班20171014136",石河子大学2017级临床5班20171014136,,2,0,2,3,0,3,0,0,0,0,0.047142,0,0.000759,0.085339,9,0,152,0
"木鱼u",木鱼u,,0,1,1,0,1,1,1,1,1,0,0,0.002364,0.000364,0,9,0,463,0
ldyfusheng126com,ldyfusheng126com,,1,1,2,3,1,4,6,0.364183,0.406711,0,0.047024,0.001307,0.000449,0.084494,9,0,417,0
JOU计嵌1712017123148任进轩,JOU计嵌1712017123148任进轩,,1,0,1,2,0,2,0,0,0,0,0.047024,0,0.000449,0.084494,9,0,150,0
"流尘mooc7",流尘mooc7,,2,3,5,3,5,8,1,1,1,1,0,0.005321,0.000736,0.010927,25,0,151,0.5
"轻描续写",轻描续写,,1,1,2,11,5,16,6,0.364183,0.406711,0,0.047024,0.001307,0.000449,0.084494,9,0,417,0
"老头与山",老头与山,,3,0,3,5,0,5,0,0,0,0,0.058677,0,0.000655,0.130721,9,0,100,0.166667
"浅殇淡月影寒",浅殇淡月影寒,,3,0,3,6,0,6,0,0,0,0,0.058613,0,0.000753,0.123455,25,0,111,0
"啊飞啊",啊飞啊,,1,0,1,2,0,2,0,0,0,0,0.047024,0,0.000449,0.084494,9,0,149,0
"南京信息工程大学-20171339098",南京信息工程大学-20171339098,,1,0,1,1,0,1,0,0,0,0,0.047024,0,0.000449,0.084494,9,0,148,0
BMWX6,BMWX6,,0,1,1,0,1,1,1,1,1,0,0,0,0.000364,0,26,17,465,0
mooc1509367452678,mooc1509367452678,,1,0,1,1,0,1,0,0,0,0,0,0,0.000674,0.000845,26,17,464,0
206赵明,206赵明,,3,1,4,8,2,10,0,0,0,0,0.060042,0,0.000507,0.124404,9,0,147,0.5
"南极的雄鹰",南极的雄鹰,,2,1,3,10,1,11,0,0,0,0,0.047024,0,0.000449,0.092378,9,0,146,0.5
"科同学",科同学,,2,3,5,6,8,14,6,0.364621,0.407811,239,0.047024,0.001311,0.000449,0.092378,27,0,417,0.5
"机械76班杨发柠2176314194-zxy",机械76班杨发柠2176314194-zxy,,1,0,1,1,0,1,0,0,0,0,0.047024,0,0.000449,0.084494,9,0,144,0
xyl666,xyl666,,2,0,2,6,0,6,0,0,0,0,0.060042,0,0.000507,0.113931,9,0,143,0.5
HFUT2017211171,HFUT2017211171,,2,1,3,4,2,6,0,0,0,0,0.047024,0,0.000449,0.092378,9,0,142,0.5
ycwyeah,ycwyeah,,3,2,5,10,4,14,5,0.456669,0.47104,1567.875037,0.071365,0.001577,0.000602,0.151007,0,0,417,0.333333
"英双183贾林",英双183贾林,,1,1,2,2,2,4,0,0,0,0,0,0,0.000364,0.001078,28,18,466,0
m15758694304,m15758694304,,1,0,1,2,0,2,0,0,0,0,0.047024,0,0.000449,0.084494,9,0,141,0
"随风逐流mooc1",随风逐流mooc1,,1,1,2,2,1,3,6,0.364183,0.406711,0,0.047024,0.001307,0.000449,0.084494,9,0,417,0
"机741班2176122307吴若冰王翠玲李萍",机741班2176122307吴若冰王翠玲李萍,,2,1,3,6,2,8,6,0.364183,0.406711,610.2,0.048054,0.001307,0.000571,0.090498,36,0,417,0
"自动化73张景铭2176112429-sdlx",自动化73张景铭2176112429-sdlx,,1,0,1,1,0,1,0,0,0,0,0.047024,0,0.000449,0.084494,9,0,140,0
"物试72班2171110902刘子枫SDLX",物试72班2171110902刘子枫SDLX,,1,0,1,2,0,2,0,0,0,0,0.013018,0,0.000422,0.029438,2,0,336,0
"职场189-17-2017114709",职场189-17-2017114709,,1,0,1,1,0,1,0,0,0,0,0.047024,0,0.000449,0.084494,9,0,139,0
"许桐桐",许桐桐,,2,1,3,3,1,4,0,0,0,0,0.047024,0,0.000449,0.092378,9,0,138,0.5
"王田田2174121394",王田田2174121394,,1,1,2,2,2,4,0,0,0,0,0,0,0.000364,0.001078,29,19,467,0
"梁橙橙5",梁橙橙5,,1,2,3,2,4,6,6,0.290014,0.304091,0,0,0.003637,0.000364,0.001078,9,0,468,0.5
HOOC-CH(OH)-CH(COOH)CH2-COOH,HOOC-CH(OH)-CH(COOH)CH2-COOH,,2,2,4,5,5,10,6,0.282913,0.290979,48.666667,0.013018,0.002948,0.000422,0.033104,2,0,417,0.5
7v爱战方方,7v爱战方方,,1,0,1,1,0,1,0,0,0,0,0.013018,0,0.000422,0.029438,2,0,335,0
"懒猫mooc20",懒猫mooc20,,1,0,1,1,0,1,0,0,0,0,0.013018,0,0.000422,0.029438,2,0,334,0
"逸茗尘",逸茗尘,,2,1,3,2,1,3,6,0.284507,0.296617,0,0.047242,0.003019,0.00068,0.095691,2,0,417,1
Mr.Zhao97,Mr.Zhao97,,2,1,3,4,2,6,0,0,0,0,0.047024,0,0.000449,0.092378,9,0,130,0.5
gaoshiwei002163com,gaoshiwei002163com,,1,0,1,1,0,1,0,0,0,0,0.011322,0,0.000459,0.037075,0,0,384,0
201716823李荣坤,201716823李荣坤,,2,0,2,3,0,3,0,0,0,0,0.024341,0,0.000517,0.066513,2,0,333,0.5
"啦啦啦啦啦mooc50",啦啦啦啦啦mooc50,,3,2,5,6,4,10,7,0.267432,0.284889,2.730769,0.000354,0.002364,0.000655,0.012987,30,0,417,0.25
NJUPT B18160132 顾均杰,NJUPT B18160132 顾均杰,,2,3,5,2,6,8,6,0.36528,0.409048,166.25,0.013117,0.003706,0.000639,0.03859,30,0,417,0.25
"机测控71张艺洋2176122513-wn",机测控71张艺洋2176122513-wn,,1,1,2,3,2,5,6,0.364183,0.406711,0,0.047024,0.001307,0.000449,0.084494,9,0,417,0
"夜漾",夜漾,,2,1,3,5,3,8,0,0,0,0,0.047024,0,0.000449,0.092378,9,0,129,0.5
LittleAndrewWiggin,LittleAndrewWiggin,,2,1,3,3,1,4,0,0,0,0,0.047024,0,0.000449,0.092378,9,0,128,0.5
"必战",必战,,0,1,1,0,2,2,7,0.267283,0.284749,0,0,0.002394,0.000364,0,31,0,469,0
"魏较兽",魏较兽,,3,1,4,6,3,9,0,0,0,0,0.060042,0,0.000507,0.124404,9,0,127,0.5
"午夜^0^十分",午夜^0^十分,,4,3,7,14,4,18,6,0.36506,0.408223,724.805556,0.047483,0.001965,0.000766,0.106595,30,0,417,0.583333
"电子74贾明龙2171411573复CHMkym",电子74贾明龙2171411573复CHMkym,,1,0,1,2,0,2,0,0,0,0,0.047024,0,0.000449,0.084494,9,0,126,0
"握著啲沙mooc",握著啲沙mooc,,2,1,3,3,1,4,6,0.36528,0.381023,0,0.013179,0.00027,0.000603,0.045046,2,0,417,1
m138936950511163com,m138936950511163com,,2,1,3,5,2,7,0,0,0,0,0.047024,0,0.000449,0.092378,9,0,125,0.5
Arya阿卿,Arya阿卿,,2,0,2,3,0,3,0,0,0,0,0.058346,0,0.000544,0.121569,0,0,124,0
D683CE9F3947B06459693E6E8772E313,D683CE9F3947B06459693E6E8772E313,,0,1,1,0,2,2,1,1,1,0,0,0,0.000364,0,32,20,471,0
"白之露",白之露,,1,0,1,2,0,2,0,0,0,0,0,0,0.000674,0.000845,32,20,470,0
"长街旧人ll",长街旧人ll,,1,1,2,1,1,2,0,0,0,0,0,0,0.000364,0.001078,33,21,472,0
"秘鲁的麋鹿不迷路",秘鲁的麋鹿不迷路,,6,2,8,17,3,20,6,0.365721,0.382123,3229.232546,0.071907,0.000271,0.002397,0.154585,9,0,417,0.066667
MCHanmooc,MCHanmooc,,2,2,4,3,3,6,6,0.282123,0.309791,44.979167,0.024341,0.001626,0.000517,0.066513,2,0,417,0.333333
w15602017320163com,w15602017320163com,,1,0,1,1,0,1,0,0,0,0,0.047024,0,0.000449,0.084494,9,0,122,0
"煮一壶时光品良辰mooc",煮一壶时光品良辰mooc,,2,1,3,8,2,10,0,0,0,0,0.047024,0,0.000449,0.092378,9,0,121,0.5
"超级小子mooc1",超级小子mooc1,,1,0,1,1,0,1,0,0,0,0,0.047024,0,0.000449,0.084494,9,0,119,0
bm2500195240163com,bm2500195240163com,,1,0,1,1,0,1,0,0,0,0,0.047024,0,0.000449,0.084494,9,0,118,0
"西交2176112646朱俊朴",西交2176112646朱俊朴,,2,1,3,3,1,4,0,0,0,0,0.011322,0,0.000459,0.041256,0,0,383,0.5
"歌没风尽",歌没风尽,,2,1,3,4,1,5,6,0.28186,0.308691,0,0.024341,0.000969,0.000517,0.066513,2,0,417,0.5
mooc1502179791188,mooc1502179791188,,1,1,2,2,1,3,6,0.364183,0.406711,0,0.047024,0.001307,0.000449,0.084494,9,0,417,0
d1327782098163com,d1327782098163com,,1,1,2,2,2,4,0,0,0,0,0,0,0.000364,0.001078,34,22,473,0
ei10mooc8,ei10mooc8,,1,0,1,1,0,1,0,0,0,0,0.047024,0,0.000449,0.084494,9,0,117,0
"明珠mooc26",明珠mooc26,,2,1,3,7,3,10,0,0,0,0,0.047024,0,0.000449,0.092378,9,0,116,0.5
sdufe_20172137217_刘美岐,sdufe_20172137217_刘美岐,,3,2,5,9,5,14,6,0.364621,0.407811,842,0.047571,0.001311,0.000832,0.086846,9,0,417,0.166667
Alexmooc227,Alexmooc227,,0,4,4,0,8,8,6,0.365883,0.410297,0,0,0.006151,0.000364,0,9,0,474,0.25
"樱曹鬼",樱曹鬼,,1,1,2,3,2,5,6,0.364183,0.406711,0,0.047024,0.001307,0.000449,0.084494,9,0,417,0
"卡布mooc5",卡布mooc5,,2,1,3,7,3,10,0,0,0,0,0.047024,0,0.000449,0.092378,9,0,115,0.5
"宠你mooc",宠你mooc,,1,0,1,1,0,1,0,0,0,0,0.047024,0,0.000449,0.084494,9,0,114,0
QHZG,QHZG,,1,0,1,2,0,2,0,0,0,0,0.047024,0,0.000449,0.084494,9,0,113,0
"锁不住消逝的流年",锁不住消逝的流年,,1,0,1,1,0,1,0,0,0,0,0.047024,0,0.000449,0.084494,9,0,112,0
Thunderstorms,Thunderstorms,,1,1,2,1,1,2,6,0.28186,0.308691,0,0.011322,0.000969,0.000459,0.037075,0,0,417,0
"勿忘初心mooc400",勿忘初心mooc400,,1,1,2,1,1,2,6,0.28186,0.308691,0,0.011322,0.000969,0.000459,0.037075,0,0,417,0
"经济71班2150506026孙思瀚_王翠玲",经济71班2150506026孙思瀚_王翠玲,,1,2,3,1,2,3,7,0.26755,0.285907,0.5,0.000066,0.004756,0.000718,0.007688,35,0,417,0
"枫林残忆潇潇暮雨",枫林残忆潇潇暮雨,,3,3,6,7,6,13,6,0.28331,0.292217,1682,0.00033,0.002956,0.000893,0.017018,0,0,417,0.666667
Cychenmooc,Cychenmooc,,1,0,1,1,0,1,0,0,0,0,0.047024,0,0.000449,0.084494,9,0,110,0
Huskyz,Huskyz,,1,0,1,1,0,1,0,0,0,0,0.047024,0,0.000449,0.084494,9,0,109,0
"陈陈mooc65",陈陈mooc65,,2,0,2,2,0,2,0,0,0,0,0.047262,0,0.000755,0.086001,35,0,108,0
"七叶一枝花ykt1498191567402",七叶一枝花ykt1498191567402,,2,1,3,8,2,10,6,0.364183,0.406711,0,0.060042,0.001307,0.000507,0.113931,9,0,417,0.5
"毕雨颖jd2017031002000101",毕雨颖jd2017031002000101,,1,0,1,1,0,1,0,0,0,0,0.047024,0,0.000449,0.084494,9,0,106,0
"丄釣囖",丄釣囖,,1,0,1,1,0,1,0,0,0,0,0.000368,0,0.000493,0.008313,20,0,158,0
HEmooc79,HEmooc79,,1,0,1,1,0,1,0,0,0,0,0.047024,0,0.000449,0.084494,9,0,105,0
"材料74陈梦婷2176122250-zxy",材料74陈梦婷2176122250-zxy,,4,7,11,7,9,16,6,0.31761,0.32808,1256.925515,0.013369,0.004394,0.000949,0.042501,2,0,417,0.089286
"神尊者",神尊者,,2,2,4,4,2,6,6,0.368389,0.410864,1138,0.047244,0.001978,0.000565,0.089094,2,0,417,0
Summer夏北,Summer夏北,,3,1,4,6,2,8,6,0.364183,0.406711,246.75,0.048044,0.001307,0.000643,0.096823,20,0,417,0.333333
"心照不宣落心头",心照不宣落心头,,2,2,4,3,4,7,6,0.366828,0.383223,129.046091,0.013239,0.00094,0.000537,0.034038,2,0,417,0.5
"生物11702刘浏",生物11702刘浏,,1,0,1,1,0,1,0,0,0,0,0.047024,0,0.000449,0.084494,9,0,104,0
"君阁墨葵",君阁墨葵,,1,0,1,2,0,2,0,0,0,0,0.047024,0,0.000449,0.084494,9,0,103,0
179306737qqcom,179306737qqcom,,3,1,4,5,2,7,0,0,0,0,0.047142,0,0.000759,0.093456,9,0,102,0.333333
B17020603高懿婷,B17020603高懿婷,,4,4,8,7,6,13,6,0.294318,0.304785,228.332328,0.047663,0.005453,0.000637,0.103424,30,0,417,0.333333
"若昕mooc",若昕mooc,,2,1,3,3,1,4,0,0,0,0,0.047024,0,0.000449,0.092378,9,0,99,0.5
"藍凋mooc5",藍凋mooc5,,2,1,3,3,2,5,0,0,0,0,0.047024,0,0.000449,0.092378,9,0,98,0.5
"小森林mooc14",小森林mooc14,,1,1,2,2,2,4,6,0.364183,0.406711,0,0.047024,0.001307,0.000449,0.084494,9,0,417,0
"李继成",李继成,,8,16,24,11,26,37,6,0.372236,0.396975,5066.237456,0.013481,0.020539,0.002281,0.053198,36,0,417,0.076023
"椰子味的叶子",椰子味的叶子,,2,1,3,4,1,5,1,1,1,240,0.047142,0,0.002735,0.085977,9,0,97,0
"奇点耶",奇点耶,,1,1,2,1,1,2,1,1,1,0,0,0.002364,0.00269,0.00748,9,0,97,0
"经济72班2176122471李可欣WCL",经济72班2176122471李可欣WCL,,1,1,2,2,1,3,7,0.271384,0.280296,0,0.00103,0.000676,0.000486,0.006004,36,0,417,0
"智www智^O^",智www智^O^,,1,1,2,3,2,5,6,0.28186,0.308691,0,0.011322,0.000969,0.000459,0.037075,0,0,417,0
"微电子72班2171411606段孟齐",微电子72班2171411606段孟齐,,2,1,3,3,1,4,0,0,0,0,0.047024,0,0.000449,0.092378,9,0,96,0.5
"鲸mooc45",鲸mooc45,,2,0,2,4,0,4,0,0,0,0,0.048054,0,0.000571,0.090498,36,0,74,0
"咖喱好茶",咖喱好茶,,2,2,4,7,4,11,6,0.364183,0.406711,0,0.047024,0.001307,0.000449,0.092378,9,0,417,1
"今天mooc85",今天mooc85,,0,1,1,0,2,2,1,1,1,0,0,0.003019,0.000364,0,9,0,475,0
"没有  温度的温柔",没有  温度的温柔,,1,0,1,1,0,1,0,0,0,0,0.047024,0,0.000449,0.084494,9,0,95,0
"彭嘉嘉2017072301南航金城学院",彭嘉嘉2017072301南航金城学院,,1,0,1,1,0,1,0,0,0,0,0.047024,0,0.000449,0.084494,9,0,94,0
"落旧",落旧,,1,1,2,2,1,3,6,0.364183,0.406711,0,0.047024,0.001307,0.000449,0.084494,9,0,417,0
LDXY722017471117龙海青,LDXY722017471117龙海青,,2,1,3,3,1,4,0,0,0,0,0.047024,0,0.000449,0.092378,9,0,93,0.5
"浅千千",浅千千,,2,1,3,6,1,7,0,0,0,0,0.047024,0,0.000449,0.092378,9,0,92,0.5
Notcaremooc,Notcaremooc,,1,0,1,1,0,1,0,0,0,0,0.047024,0,0.000449,0.084494,9,0,91,0
"工科实验机类75班2176122920马珮羽-王勇",工科实验机类75班2176122920马珮羽-王勇,,2,1,3,4,2,6,0,0,0,0,0.047024,0,0.000449,0.092378,9,0,90,0.5
"喔亲爱滴",喔亲爱滴,,1,1,2,2,1,3,6,0.364183,0.406711,0,0.047024,0.001307,0.000449,0.084494,9,0,417,0
ccghudvhif,ccghudvhif,,1,1,2,1,2,3,7,0.267905,0.274631,0,0.000014,0.003606,0.001383,0.013232,9,0,417,0
"李凯mooc32",李凯mooc32,,2,1,3,5,3,8,0,0,0,0,0.047024,0,0.000449,0.092378,9,0,89,0.5
"浅笑依然mooc6",浅笑依然mooc6,,1,0,1,2,0,2,0,0,0,0,0.047024,0,0.000449,0.084494,9,0,88,0
"信息75林萍2173520787SDLY复chm",信息75林萍2173520787SDLY复chm,,1,0,1,1,0,1,0,0,0,0,0.047024,0,0.000449,0.084494,9,0,87,0
"自动化73班2176122509李玥莹",自动化73班2176122509李玥莹,,1,1,2,2,1,3,6,0.364183,0.406711,0,0.047024,0.001307,0.000449,0.084494,9,0,417,0
"前仆后继",前仆后继,,4,3,7,9,4,13,6,0.364621,0.407811,732.722222,0.060194,0.001967,0.000817,0.125482,2,0,417,0.35
"小不点mooc117",小不点mooc117,,2,1,3,3,1,4,0,0,0,0,0.047024,0,0.000449,0.092378,9,0,85,0.5
2176112647张又仁_经济74_WCL,2176112647张又仁_经济74_WCL,,2,1,3,3,1,4,0,0,0,0,0.011322,0,0.000459,0.041256,0,0,382,0.5
"邓松龄",邓松龄,,1,0,1,1,0,1,0,0,0,0,0.047024,0,0.000449,0.084494,9,0,84,0
Jh1710436114,Jh1710436114,,1,0,1,1,0,1,0,0,0,0,0.047024,0,0.000449,0.084494,9,0,83,0
311713000608,311713000608,,2,1,3,4,1,5,6,0.364183,0.406711,605,0.047142,0.001307,0.000728,0.086695,30,0,417,0
yx1187590415163com,yx1187590415163com,,2,1,3,5,2,7,0,0,0,0,0.047024,0,0.000449,0.092378,9,0,82,0.5
"岁月静好mooc377",岁月静好mooc377,,2,2,4,5,3,8,6,0.364183,0.406711,0,0.047024,0.001307,0.000449,0.092378,9,0,417,1
17物联网王志,17物联网王志,,1,0,1,1,0,1,0,0,0,0,0.047024,0,0.000449,0.084494,9,0,81,0
"能动B74刘一鸣",能动B74刘一鸣,,3,1,4,6,2,8,0,0,0,0,0.024341,0,0.000517,0.073282,2,0,324,0.5
"奋斗吧青春mooc4",奋斗吧青春mooc4,,2,1,3,2,1,3,0,0,0,0,0.013018,0,0.000422,0.033104,2,0,300,0.5
m18234764096163com,m18234764096163com,,2,1,3,3,1,4,0,0,0,0,0.047024,0,0.000449,0.092378,9,0,80,0.5
"王浩宇k121506470610631",王浩宇k121506470610631,,2,1,3,9,3,12,0,0,0,0,0.047024,0,0.000449,0.092378,9,0,79,0.5
"梅梅yimi",梅梅yimi,,2,1,3,6,1,7,0,0,0,0,0.047024,0,0.000449,0.092378,9,0,78,0.5
"半旧情怀mooc",半旧情怀mooc,,1,0,1,2,0,2,0,0,0,0,0.013018,0,0.000422,0.029438,2,0,332,0
"携带携带系鞋带",携带携带系鞋带,,4,0,4,11,0,11,0,0,0,0,0.071545,0,0.001175,0.152058,0,0,77,0.166667
170212049常千会,170212049常千会,,1,0,1,1,0,1,0,0,0,0,0.047024,0,0.000449,0.084494,9,0,76,0
"时光卑微了誰承诺mooc1",时光卑微了誰承诺mooc1,,1,1,2,3,1,4,6,0.364183,0.406711,0,0.047024,0.001307,0.000449,0.084494,9,0,417,0
17车辆工程唐冠卿,17车辆工程唐冠卿,,1,0,1,3,0,3,0,0,0,0,0.047024,0,0.000449,0.084494,9,0,75,0
"人工智能试验班81-2183611837-刘鑫",人工智能试验班81-2183611837-刘鑫,,0,1,1,0,1,1,7,0.271588,0.280658,0,0,0.000676,0.000364,0,36,0,476,0
"电气713梁鹏2171411543",电气713梁鹏2171411543,,1,2,3,1,3,4,6,0.368549,0.385475,607,0,0.000946,0.000674,0.000845,36,0,477,0.333333
NJUPTB17020518张春喜,NJUPTB17020518张春喜,,1,1,2,1,2,3,7,0.271384,0.280296,0,0.00103,0.000676,0.000486,0.006004,36,0,417,0
thefishhasntheart,thefishhasntheart,,1,0,1,1,0,1,0,0,0,0,0.00103,0,0.000486,0.006004,36,0,133,0
"孙梦雨-能动D71",孙梦雨-能动D71,,1,0,1,2,0,2,0,0,0,0,0.047024,0,0.000449,0.084494,9,0,73,0
"西交2176112901李硕勋s39g25x14",西交2176112901李硕勋s39g25x14,,2,1,3,3,1,4,0,0,0,0,0.047024,0,0.000449,0.092378,9,0,72,0.5
"经济72班_2174120116_孙小景_Wcl",经济72班_2174120116_孙小景_Wcl,,2,1,3,7,3,10,0,0,0,0,0.047024,0,0.000449,0.092378,9,0,71,0.5
"洛必达给傅立叶讲线性变换",洛必达给傅立叶讲线性变换,,1,0,1,1,0,1,0,0,0,0,0.047024,0,0.000449,0.084494,9,0,70,0
"离蘅",离蘅,,2,0,2,3,0,3,0,0,0,0,0.047354,0,0.000631,0.097304,9,0,69,0.5
HFUT2017218619,HFUT2017218619,,2,1,3,5,2,7,0,0,0,0,0.047024,0,0.000449,0.092378,9,0,68,0.5
483625382,483625382,,3,1,4,8,3,11,0,0,0,0,0.047676,0,0.000514,0.09686,9,0,67,0.333333
"陌离mooc55",陌离mooc55,,2,1,3,4,2,6,0,0,0,0,0.047024,0,0.000449,0.092378,9,0,66,0.5
"埃菲儿的铁塔梦",埃菲儿的铁塔梦,,2,0,2,3,0,3,0,0,0,0,0.060042,0,0.000507,0.113931,9,0,65,0.5
"土木17-7班-王玉岩",土木17-7班-王玉岩,,1,0,1,1,0,1,0,0,0,0,0.047024,0,0.000449,0.084494,9,0,64,0
HENU0491710151191刘志豪,HENU0491710151191刘志豪,,1,1,2,4,1,5,6,0.364183,0.406711,0,0.047024,0.001307,0.000449,0.084494,9,0,417,0
"笑莫君",笑莫君,,1,1,2,3,2,5,6,0.364183,0.406711,0,0.047024,0.001307,0.000449,0.084494,9,0,417,0
"黎明前mooc4",黎明前mooc4,,2,1,3,6,2,8,0,0,0,0,0.047024,0,0.000449,0.092378,9,0,63,0.5
hsbnansj,hsbnansj,,1,0,1,1,0,1,0,0,0,0,0.047024,0,0.000449,0.084494,9,0,62,0
LYXY2017054644,LYXY2017054644,,1,1,2,3,4,7,6,0.364183,0.406711,0,0.047024,0.001307,0.000449,0.084494,9,0,417,0
nnnnkx,nnnnkx,,2,1,3,8,2,10,0,0,0,0,0.047024,0,0.000449,0.092378,9,0,61,0.5
"行山涉水",行山涉水,,3,1,4,7,2,9,0,0,0,0,0.048054,0,0.000571,0.099058,36,0,60,0.333333
"祁欤",祁欤,,2,1,3,3,1,4,0,0,0,0,0.047024,0,0.000449,0.092378,9,0,59,0.5
"核A71张楚鑫2173220333SDLX复lKX",核A71张楚鑫2173220333SDLX复lKX,,1,0,1,1,0,1,0,0,0,0,0.047024,0,0.000449,0.084494,9,0,58,0
m15291063503163com,m15291063503163com,,3,1,4,7,2,9,0,0,0,0,0.047676,0,0.000514,0.09686,20,0,56,0.333333
LDXY742017641127王景,LDXY742017641127王景,,2,1,3,5,2,7,0,0,0,0,0.047024,0,0.000449,0.092378,9,0,57,0.5
HappyEndingmooc8,HappyEndingmooc8,,2,1,3,3,1,4,0,0,0,0,0.047024,0,0.000449,0.092378,9,0,55,0.5
"能动a73关传玺2172311299",能动a73关传玺2172311299,,1,0,1,1,0,1,0,0,0,0,0.047024,0,0.000449,0.084494,9,0,54,0
mooc91348183194,mooc91348183194,,1,1,2,1,1,2,6,0.364183,0.406711,0,0.047024,0.001307,0.000449,0.084494,9,0,417,0
mooc1504913792783,mooc1504913792783,,2,1,3,3,1,4,0,0,0,0,0.047024,0,0.000449,0.092378,9,0,53,0.5
"加载mooc1",加载mooc1,,1,1,2,2,2,4,0,0,0,0,0,0,0.000364,0.001078,37,23,478,0
"撸起袖子编起裤腿",撸起袖子编起裤腿,,3,2,5,25,12,37,6,0.364183,0.406711,0,0.060042,0.001307,0.000507,0.124404,9,0,417,0.666667
LUOYIYI,LUOYIYI,,3,1,4,5,1,6,0,0,0,0,0.060042,0,0.000507,0.124404,9,0,52,0.5
"爱的微笑mooc1",爱的微笑mooc1,,2,1,3,8,3,11,0,0,0,0,0.047024,0,0.000449,0.092378,9,0,51,0.5
"养猫灬",养猫灬,,1,1,2,2,2,4,6,0.364183,0.406711,0,0.047024,0.001307,0.000449,0.084494,9,0,417,0
"夜未央mooc1427",夜未央mooc1427,,1,1,2,2,1,3,6,0.364183,0.406711,0,0.047024,0.001307,0.000449,0.084494,9,0,417,0
"聂小倩临走前",聂小倩临走前,,1,0,1,1,0,1,0,0,0,0,0.047024,0,0.000449,0.084494,9,0,50,0
"抹去泪水",抹去泪水,,1,0,1,1,0,1,0,0,0,0,0.047024,0,0.000449,0.084494,9,0,49,0
"统计学大数据吴倩",统计学大数据吴倩,,1,0,1,1,0,1,0,0,0,0,0.047024,0,0.000449,0.084494,9,0,48,0
"贝多芬也听不见鼓掌",贝多芬也听不见鼓掌,,2,0,2,3,0,3,0,0,0,0,0.060042,0,0.000507,0.113931,2,0,47,0.5
"留着理科生血液的文科生",留着理科生血液的文科生,,1,0,1,1,0,1,0,0,0,0,0.047024,0,0.000449,0.084494,9,0,46,0
?study,?study,,1,0,1,1,0,1,0,0,0,0,0.047024,0,0.000449,0.084494,9,0,44,0
"乌拉哇哦",乌拉哇哦,,1,0,1,1,0,1,0,0,0,0,0.047024,0,0.000449,0.084494,9,0,43,0
"浮零mooc5",浮零mooc5,,1,0,1,2,0,2,0,0,0,0,0.047024,0,0.000449,0.084494,9,0,42,0
150的胖子,150的胖子,,1,0,1,3,0,3,0,0,0,0,0.047024,0,0.000449,0.084494,9,0,41,0
"泥嚎mooc1",泥嚎mooc1,,2,0,2,3,0,3,0,0,0,0,0.060042,0,0.000507,0.113931,9,0,40,0.5
mooc1506051015466,mooc1506051015466,,1,1,2,1,1,2,6,0.364183,0.406711,0,0.047024,0.001307,0.000449,0.084494,9,0,417,0
"灵儿六级要考好mooc1490685171788",灵儿六级要考好mooc1490685171788,,1,0,1,1,0,1,0,0,0,0,0.047024,0,0.000449,0.084494,9,0,39,0
NOmooc97,NOmooc97,,1,0,1,3,0,3,0,0,0,0,0.047024,0,0.000449,0.084494,9,0,38,0
"阿喆mooc1",阿喆mooc1,,1,0,1,1,0,1,0,0,0,0,0.047024,0,0.000449,0.084494,9,0,37,0
2017117758郭旭,2017117758郭旭,,3,1,4,5,2,7,0,0,0,0,0.047142,0,0.000759,0.093456,9,0,36,0.333333
"空D落痕",空D落痕,,1,1,2,1,1,2,6,0.364183,0.406711,0,0.047024,0.001307,0.000449,0.084494,9,0,417,0
"能动A74成文韬2175112032",能动A74成文韬2175112032,,1,0,1,1,0,1,0,0,0,0,0.047024,0,0.000449,0.084494,9,0,35,0
"强子mooc39",强子mooc39,,1,0,1,1,0,1,0,0,0,0,0.047024,0,0.000449,0.084494,9,0,34,0
"膚淺mooc",膚淺mooc,,2,1,3,2,1,3,6,0.36528,0.381023,875.155719,0.060042,0.00027,0.000507,0.113931,2,0,417,0.5
"蠡mooc5",蠡mooc5,,1,0,1,1,0,1,0,0,0,0,0.047024,0,0.000449,0.084494,9,0,33,0
"只奈已殇",只奈已殇,,1,0,1,1,0,1,0,0,0,0,0.047024,0,0.000449,0.084494,9,0,32,0
NWPU2017301272,NWPU2017301272,,2,0,2,3,0,3,0,0,0,0,0.048054,0,0.000571,0.090498,36,0,31,0
"何梦帆20175411607",何梦帆20175411607,,1,0,1,2,0,2,0,0,0,0,0.011322,0,0.000459,0.037075,0,0,381,0
"信息742176112932朱佳彤",信息742176112932朱佳彤,,1,0,1,1,0,1,0,0,0,0,0.013018,0,0.000422,0.029438,2,0,331,0
"不倥偬",不倥偬,,2,1,3,4,1,5,6,0.36528,0.381023,606,0.013051,0.00027,0.000732,0.030283,2,0,417,0
"不下一百二不改名",不下一百二不改名,,0,1,1,0,1,1,7,0.267873,0.27459,0,0,0.000655,0.000364,0,2,0,479,0
"任江林",任江林,,1,0,1,2,0,2,0,0,0,0,0.013018,0,0.000422,0.029438,2,0,330,0
"蜉蝣mooc78",蜉蝣mooc78,,2,3,5,2,3,5,7,0.271871,0.282496,846,0.001033,0.001906,0.000728,0.007401,36,0,417,0
"胡志祥17",胡志祥17,,1,0,1,1,0,1,0,0,0,0,0.013018,0,0.000422,0.029438,2,0,329,0
"静中雾",静中雾,,0,1,1,0,1,1,6,0.32652,0.329956,0,0,0.003625,0.000364,0,9,0,480,0
"木心mooc93",木心mooc93,,2,1,3,3,1,4,0,0,0,0,0.047024,0,0.000449,0.092378,9,0,30,0.5
"长安大学-梁烨",长安大学-梁烨,,1,0,1,1,0,1,0,0,0,0,0.013018,0,0.000422,0.029438,2,0,328,0
"建环1703冯文轩",建环1703冯文轩,,0,1,1,0,1,1,7,0.26811,0.275002,0,0,0.003606,0.000364,0,9,0,481,0
"年少轻狂薄荷凉",年少轻狂薄荷凉,,1,1,2,2,2,4,0,0,0,0,0,0,0.000364,0.001078,38,24,482,0
"我爱王小驼",我爱王小驼,,1,0,1,1,0,1,0,0,0,0,0.047024,0,0.000449,0.084494,9,0,29,0
Unbreakableykt1504968532047,Unbreakableykt1504968532047,,2,0,2,3,0,3,0,0,0,0,0.001339,0,0.000563,0.006849,9,0,132,0
"忍者神龟mooc3",忍者神龟mooc3,,1,0,1,2,0,2,0,0,0,0,0.013018,0,0.000422,0.029438,2,0,327,0
"小东邪mooc7",小东邪mooc7,,1,0,1,1,0,1,0,0,0,0,0.013018,0,0.000422,0.029438,2,0,326,0
"物联网71班2173713993张文祺",物联网71班2173713993张文祺,,1,0,1,1,0,1,0,0,0,0,0.013018,0,0.000422,0.029438,2,0,325,0
"郭钊利",郭钊利,,2,0,2,2,0,2,0,0,0,0,0.060042,0,0.000507,0.113931,2,0,28,0.5
V8261,V8261,,2,1,3,6,3,9,0,0,0,0,0.00103,0,0.000486,0.007758,36,0,131,0.5
UndergoGo,UndergoGo,,2,0,2,2,0,2,0,0,0,0,0.013239,0,0.000537,0.034038,2,0,16,0.5
"学博71班3012017016杨振kym",学博71班3012017016杨振kym,,1,1,2,2,2,4,0,0,0,0,0,0,0.000364,0.001078,39,25,483,0
limooc255,limooc255,,1,0,1,1,0,1,0,0,0,0,0.013018,0,0.000422,0.029438,2,0,323,0
"仰望星空mooc49啊",仰望星空mooc49啊,,2,2,4,5,3,8,6,0.36528,0.381023,0,0.013018,0.00027,0.000422,0.033104,2,0,417,1
xjtu2176213558,xjtu2176213558,,1,0,1,2,0,2,0,0,0,0,0.013018,0,0.000422,0.029438,2,0,322,0
TJUA2唐孟,TJUA2唐孟,,2,0,2,3,0,3,0,0,0,0,0.060042,0,0.000507,0.113931,9,0,27,0.5
"小丑mooc242",小丑mooc242,,1,0,1,1,0,1,0,0,0,0,0.013018,0,0.000422,0.029438,2,0,321,0
"徐西宁",徐西宁,,0,2,2,0,3,3,6,0.364565,0.407688,0,0,0.003675,0.000364,0,17,0,484,0.5
"力拓mooc",力拓mooc,,1,0,1,1,0,1,0,0,0,0,0.047024,0,0.000449,0.084494,9,0,26,0
17机3陈灿飞,17机3陈灿飞,,1,0,1,2,0,2,0,0,0,0,0.000066,0,0.000492,0.007885,27,0,145,0
"泡泡omooc1",泡泡omooc1,,1,1,2,1,1,2,6,0.36528,0.381023,0,0.013018,0.00027,0.000422,0.029438,2,0,417,0
zhaoguanjun,zhaoguanjun,,1,0,1,1,0,1,0,0,0,0,0.013018,0,0.000422,0.029438,2,0,320,0
2176110380舒新东赵小燕zxy,2176110380舒新东赵小燕zxy,,1,0,1,2,0,2,0,0,0,0,0.013018,0,0.000422,0.029438,2,0,319,0
"黄方东",黄方东,,3,1,4,4,2,6,0,0,0,0,0.060042,0,0.000507,0.124404,2,0,22,0.5
LeoV0813,LeoV0813,,2,0,2,2,0,2,0,0,0,0,0.058346,0,0.000544,0.121569,0,0,25,0
171110328_杨佳,171110328_杨佳,,1,1,2,1,1,2,6,0.28186,0.308691,0,0.011322,0.000969,0.000459,0.037075,0,0,417,0
m15196391242163com,m15196391242163com,,1,0,1,2,0,2,0,0,0,0,0.047024,0,0.000449,0.084494,9,0,24,0
"寂mooc54",寂mooc54,,1,0,1,1,0,1,0,0,0,0,0.047024,0,0.000449,0.084494,9,0,23,0
"网名mooc31",网名mooc31,,5,2,7,10,3,13,1,1,1,242,0.011409,0,0.002251,0.047653,0,0,8,0.25
hitzk1173301008,hitzk1173301008,,1,1,2,1,1,2,1,1,1,0,0,0.000572,0.001321,0.005101,0,0,8,0
"龙离离离离",龙离离离离,,1,0,1,1,0,1,0,0,0,0,0.011322,0,0.000459,0.037075,0,0,380,0
"机736班2175121968袁梦祎王勇茂陈虎民",机736班2175121968袁梦祎王勇茂陈虎民,,1,0,1,2,0,2,0,0,0,0,0.011322,0,0.000459,0.037075,0,0,379,0
"乐山乐水mooc11",乐山乐水mooc11,,1,0,1,1,0,1,0,0,0,0,0.013018,0,0.000422,0.029438,2,0,318,0
mooc1504596469154,mooc1504596469154,,1,0,1,2,0,2,0,0,0,0,0.013018,0,0.000422,0.029438,2,0,317,0
11A3045C8E44D0EDDC936F5CFA9BD48F,11A3045C8E44D0EDDC936F5CFA9BD48F,,1,0,1,1,0,1,0,0,0,0,0.013018,0,0.000422,0.029438,2,0,316,0
"软件73班钱天阳",软件73班钱天阳,,1,0,1,1,0,1,0,0,0,0,0.047024,0,0.000449,0.084494,9,0,21,0
cyj19980510163com,cyj19980510163com,,1,0,1,2,0,2,0,0,0,0,0.013018,0,0.000422,0.029438,2,0,315,0
"慕雪wyn",慕雪wyn,,3,2,5,6,3,9,1,1,1,242,0.000014,0,0.001172,0.010098,20,0,6,0.25
gdsmooc1,gdsmooc1,,1,0,1,1,0,1,0,0,0,0,0.013018,0,0.000422,0.029438,2,0,314,0
m158864485871163com,m158864485871163com,,1,0,1,1,0,1,0,0,0,0,0.013018,0,0.000422,0.029438,2,0,313,0
"可可西里没有海mooc3",可可西里没有海mooc3,,1,1,2,2,2,4,0,0,0,0,0,0,0.000364,0.001078,40,26,485,0
"幻灭星尘",幻灭星尘,,2,2,4,2,2,4,8,0.213832,0.219077,0,0.000096,0.000052,0.000571,0.003128,36,0,417,1
"材料72班尹想2174110100",材料72班尹想2174110100,,1,0,1,1,0,1,0,0,0,0,0.011322,0,0.000459,0.037075,0,0,378,0
"江湖不远mooc",江湖不远mooc,,0,2,2,0,4,4,6,0.326882,0.331058,0,0,0.003634,0.000364,0,41,0,487,0
"阿美mooc11",阿美mooc11,,2,1,3,3,1,4,0,0,0,0,0.000182,0,0.000519,0.002156,41,0,486,0.5
"机测控71杨鲲鹏-wch",机测控71杨鲲鹏-wch,,1,0,1,1,0,1,0,0,0,0,0.00022,0,0.00048,0.004601,2,0,17,0
GOLDENKEYBUM,GOLDENKEYBUM,,1,0,1,3,0,3,0,0,0,0,0.011322,0,0.000459,0.037075,0,0,377,0
"自动化73张毅2176112719-SDLX",自动化73张毅2176112719-SDLX,,1,1,2,1,1,2,6,0.28186,0.308691,0,0.011322,0.000969,0.000459,0.037075,0,0,417,0
"张CheiChei",张CheiChei,,1,1,2,1,2,3,2,0.666667,0.75,43.243333,0.013018,0.000572,0.000422,0.029438,0,0,9,0
"金豆妈mooc1503290517821",金豆妈mooc1503290517821,,0,1,1,0,2,2,2,0.666667,0.75,0,0,0.000572,0.000364,0,0,0,488,0
mooc1505466346998,mooc1505466346998,,1,0,1,2,0,2,0,0,0,0,0.013018,0,0.000422,0.029438,2,0,312,0
Joker陈mooc,Joker陈mooc,,1,0,1,1,0,1,0,0,0,0,0.011322,0,0.000459,0.037075,0,0,376,0
"天天天天mooc2",天天天天mooc2,,1,0,1,1,0,1,0,0,0,0,0.011322,0,0.000459,0.037075,0,0,375,0
hkdp5车辆171陈振家005,hkdp5车辆171陈振家005,,1,0,1,1,0,1,0,0,0,0,0.011322,0,0.000459,0.037075,0,0,374,0
"核工A72薛琪2176122683",核工A72薛琪2176122683,,1,0,1,2,0,2,0,0,0,0,0.011322,0,0.000459,0.037075,0,0,373,0
mooc1505306757321,mooc1505306757321,,1,1,2,1,1,2,6,0.36528,0.381023,0,0.013018,0.00027,0.000422,0.029438,2,0,417,0
"陈睿庭",陈睿庭,,1,0,1,1,0,1,0,0,0,0,0.047024,0,0.000449,0.084494,9,0,20,0
"昊气刀",昊气刀,,1,0,1,1,0,1,0,0,0,0,0.047024,0,0.000449,0.084494,9,0,19,0
"机71班2173310707梁彦能_高安喜_张永怀",机71班2173310707梁彦能_高安喜_张永怀,,1,0,1,1,0,1,0,0,0,0,0.00022,0,0.00048,0.004601,2,0,11,0
"核工A72张明辉2173714010zxy",核工A72张明辉2173714010zxy,,2,1,3,4,2,6,0,0,0,0,0.013018,0,0.000422,0.033104,2,0,311,0.5
"彭纪蕾",彭纪蕾,,2,0,2,3,0,3,0,0,0,0,0.013239,0,0.000537,0.034038,2,0,10,0.5
"机72王田田2174121394-施雨-李萍",机72王田田2174121394-施雨-李萍,,1,0,1,1,0,1,0,0,0,0,0.013018,0,0.000422,0.029438,2,0,310,0
"机械72王梓安2176112594",机械72王梓安2176112594,,1,1,2,1,2,3,1,1,1,1,0,0.003588,0.000674,0.000845,0,0,489,0
"能动B74郭强2176112803",能动B74郭强2176112803,,2,0,2,4,0,4,0,0,0,0,0.013117,0,0.000566,0.039911,2,0,223,0.5
"清心mooc59",清心mooc59,,2,1,3,3,2,5,0,0,0,0,0.011322,0,0.000459,0.041256,0,0,370,0.5
FOR_EVOLUTION,FOR_EVOLUTION,,1,0,1,2,0,2,0,0,0,0,0.013018,0,0.000422,0.029438,2,0,309,0
"垚垚13300622",垚垚13300622,,0,1,1,0,2,2,1,1,1,0,0,0.000569,0.000364,0,0,0,490,0
"什么也不是能",什么也不是能,,2,0,2,3,0,3,0,0,0,0,0.011351,0,0.000769,0.03792,0,0,371,0
"我14743居士",我14743居士,,1,0,1,1,0,1,0,0,0,0,0.013018,0,0.000422,0.029438,2,0,307,0
"青春陌生人",青春陌生人,,1,1,2,2,2,4,0,0,0,0,0,0,0.000364,0.001078,42,27,491,0
"世界在你脚下",世界在你脚下,,1,0,1,2,0,2,0,0,0,0,0.000205,0,0.000423,0.001608,20,0,15,0
hhhhheh3,hhhhheh3,,1,0,1,3,0,3,0,0,0,0,0.013018,0,0.000422,0.029438,2,0,306,0
Loveddie,Loveddie,,1,0,1,1,0,1,0,0,0,0,0.013018,0,0.000422,0.029438,2,0,305,0
2173611829计算机73,2173611829计算机73,,0,2,2,0,3,3,1,1,1,0,0,0.000665,0.000364,0,46,0,493,0
"英语1803严兵2017010353",英语1803严兵2017010353,,1,0,1,1,0,1,0,0,0,0,0.000033,0,0.000519,0.000845,46,0,492,0
"归去来mooc2",归去来mooc2,,1,0,1,1,0,1,0,0,0,0,0.013018,0,0.000422,0.029438,2,0,304,0
2171110920_王之昀_机械72,2171110920_王之昀_机械72,,1,0,1,1,0,1,0,0,0,0,0.013018,0,0.000422,0.029438,2,0,303,0
8817726额好感动v是,8817726额好感动v是,,1,0,1,3,0,3,0,0,0,0,0.013018,0,0.000422,0.029438,2,0,302,0
doltishmooc1,doltishmooc1,,1,0,1,1,0,1,0,0,0,0,0.011322,0,0.000459,0.037075,0,0,372,0
41707154王明爱,41707154王明爱,,1,0,1,1,0,1,0,0,0,0,0.011322,0,0.000459,0.037075,0,0,369,0
"电子72彭博2174310996",电子72彭博2174310996,,4,1,5,8,3,11,0,0,0,0,0.024436,0,0.000723,0.075333,2,0,2,0.333333
kj18423533977163com,kj18423533977163com,,1,0,1,1,0,1,0,0,0,0,0.013018,0,0.000422,0.029438,2,0,301,0
"吴剑浩",吴剑浩,,0,1,1,0,2,2,7,0.26811,0.275002,0,0,0.003606,0.000364,0,9,0,494,0
a17795832149163com,a17795832149163com,,1,0,1,1,0,1,0,0,0,0,0,0,0.000862,0.002026,20,0,5,0
2061189952qqcom,2061189952qqcom,,1,1,2,2,2,4,0,0,0,0,0,0,0.000364,0.001078,43,28,495,0
"肖壇宁",肖壇宁,,0,1,1,0,2,2,1,1,1,0,0,0.000659,0.000364,0,2,0,496,0
hnu-201703030116徐磊,hnu-201703030116徐磊,,4,1,5,7,2,9,0,0,0,0,0.01315,0,0.000963,0.045811,2,0,86,0.333333
"胡凯",胡凯,,1,0,1,1,0,1,0,0,0,0,0.013018,0,0.000422,0.029438,2,0,299,0
"花鬼mooc1504767679199",花鬼mooc1504767679199,,2,0,2,3,0,3,0,0,0,0,0.013292,0,0.000557,0.038371,30,0,101,0
"能动A73代晏冰2175112016",能动A73代晏冰2175112016,,1,1,2,2,1,3,6,0.36528,0.381023,0,0.013018,0.00027,0.000422,0.029438,2,0,417,0
"李达摩",李达摩,,2,2,4,4,3,7,6,0.36528,0.381023,0,0.013018,0.00027,0.000422,0.033104,2,0,417,1
"天天快乐ykt1505005859148",天天快乐ykt1505005859148,,2,0,2,2,0,2,0,0,0,0,0.013223,0,0.00048,0.031045,20,0,14,0.5
"南昌航大17044127",南昌航大17044127,,1,0,1,1,0,1,0,0,0,0,0.013018,0,0.000422,0.029438,2,0,298,0
"时间姐姐披肩发",时间姐姐披肩发,,1,0,1,1,0,1,0,0,0,0,0.013018,0,0.000422,0.029438,2,0,297,0
lixinlu,lixinlu,,1,0,1,3,0,3,0,0,0,0,0.013018,0,0.000422,0.029438,2,0,296,0
"江流平淡",江流平淡,,1,0,1,1,0,1,0,0,0,0,0.013018,0,0.000422,0.029438,2,0,295,0
bjtu-17211053,bjtu-17211053,,1,0,1,2,0,2,0,0,0,0,0.013018,0,0.000422,0.029438,2,0,294,0
"化学71魏妩庄2176122324wf",化学71魏妩庄2176122324wf,,1,0,1,1,0,1,0,0,0,0,0.013018,0,0.000422,0.029438,2,0,293,0
"日了狗ykt1437542788329",日了狗ykt1437542788329,,1,0,1,2,0,2,0,0,0,0,0.013018,0,0.000422,0.029438,2,0,292,0
narcismooc,narcismooc,,1,0,1,1,0,1,0,0,0,0,0.047024,0,0.000449,0.084494,9,0,18,0
"王宏誉176001623",王宏誉176001623,,1,1,2,1,2,3,2,0.666667,0.75,2,0,0,0.000674,0.000845,44,0,498,0
mooc1502091646096,mooc1502091646096,,1,1,2,2,2,4,1,1,1,2,0,0.00364,0.000938,0.001051,44,0,497,0
"于劲鹏_171110329",于劲鹏_171110329,,0,1,1,0,1,1,6,0.32652,0.329956,0,0,0.003625,0.000364,0,9,0,499,0
"萤光mooc4",萤光mooc4,,2,0,2,4,0,4,0,0,0,0,0.0131,0,0.000642,0.035599,2,0,291,0.5
"怪女孩永远灿烂温暖",怪女孩永远灿烂温暖,,1,0,1,1,0,1,0,0,0,0,0.013018,0,0.000422,0.029438,2,0,290,0
Samdyvv1908,Samdyvv1908,,1,1,2,2,2,4,0,0,0,0,0,0,0.000364,0.001078,45,29,500,0
2171310857能动B73高乾鹏,2171310857能动B73高乾鹏,,1,0,1,2,0,2,0,0,0,0,0.013018,0,0.000422,0.029438,2,0,289,0
cisbbcjdsvsbvks,cisbbcjdsvsbvks,,1,0,1,1,0,1,0,0,0,0,0.013018,0,0.000422,0.029438,2,0,288,0
"摸电校尉",摸电校尉,,3,1,4,3,2,5,2,0.666667,0.75,219.034953,0.013705,0.000001,0.000796,0.034299,20,0,7,0.166667
"格林晴天",格林晴天,,0,1,1,0,1,1,1,1,1,0,0,0.00364,0.000364,0,9,0,501,0
LZG528,LZG528,,0,1,1,0,2,2,1,1,1,0,0,0.000663,0.000364,0,46,0,502,0
"微电72-2176510137-张葳",微电72-2176510137-张葳,,7,0,7,14,0,14,0,0,0,0,0.013218,0,0.002126,0.034507,46,0,287,0
"冷寂mooc9",冷寂mooc9,,0,1,1,0,3,3,1,1,1,0,0,0.000663,0.000364,0,46,0,503,0
"审计1701-马文斋",审计1701-马文斋,,0,1,1,0,2,2,1,1,1,0,0,0.000663,0.000364,0,46,0,504,0
m18245604262163com,m18245604262163com,,0,1,1,0,2,2,1,1,1,0,0,0.000663,0.000364,0,46,0,505,0
Derulo,Derulo,,0,1,1,0,1,1,1,1,1,0,0,0.000663,0.000364,0,46,0,506,0
"机械73王语嫣2175021235",机械73王语嫣2175021235,,1,1,2,3,1,4,6,0.36528,0.381023,0,0.013018,0.00027,0.000422,0.029438,2,0,417,0
"信息74刘昊天2173611842",信息74刘昊天2173611842,,1,1,2,1,1,2,6,0.36528,0.381023,0,0.013018,0.00027,0.000422,0.029438,2,0,417,0
"安安安钇钇钇mooc",安安安钇钇钇mooc,,2,1,3,3,2,5,0,0,0,0,0.013018,0,0.000422,0.033104,2,0,286,0.5
l1442925768163com,l1442925768163com,,2,1,3,3,2,5,0,0,0,0,0,0,0.000674,0.002156,47,30,507,0.5
mooc1504877345736,mooc1504877345736,,0,1,1,0,1,1,1,1,1,0,0,0,0.000364,0,47,30,508,0
ZhangMmooc,ZhangMmooc,,3,1,4,5,2,7,0,0,0,0,0.013051,0,0.000732,0.034182,2,0,4,0.333333
"那一抹天空蓝无悔",那一抹天空蓝无悔,,1,0,1,1,0,1,0,0,0,0,0.011322,0,0.000459,0.037075,0,0,3,0
"信息71兰劭堃2173510797wf",信息71兰劭堃2173510797wf,,1,0,1,1,0,1,0,0,0,0,0.013018,0,0.000422,0.029438,2,0,285,0
"任胜豪",任胜豪,,1,1,2,1,1,2,1,1,1,240,0.013018,0,0.000422,0.029438,2,0,284,0
mmox,mmox,,1,0,1,1,0,1,0,0,0,0,0,0,0.000723,0.00326,2,0,283,0
"浪里滑稽个浪",浪里滑稽个浪,,0,1,1,0,1,1,1,1,1,0,0,0.00364,0.000364,0,9,0,509,0
"陌上桃花",陌上桃花,,1,0,1,2,0,2,0,0,0,0,0.013018,0,0.000422,0.029438,2,0,282,0
mooc1504485689556,mooc1504485689556,,1,1,2,1,1,2,6,0.36528,0.381023,0,0.013018,0.00027,0.000422,0.029438,2,0,417,0
"槑什么mooc",槑什么mooc,,0,1,1,0,1,1,6,0.282063,0.309006,0,0,0.000969,0.000364,0,0,0,510,0
"浪迹天涯S7",浪迹天涯S7,,0,2,2,0,2,2,5,0.456734,0.471087,0,0,0.001577,0.000364,0,2,0,511,0.5
mooc1511780791042,mooc1511780791042,,0,1,1,0,1,1,6,0.292108,0.300769,0,0,0.002377,0.000364,0,2,0,512,0
Oscarmooc42,Oscarmooc42,,0,1,1,0,1,1,6,0.282063,0.309006,0,0,0.000969,0.000364,0,0,0,513,0
"林敬城",林敬城,,0,1,1,0,2,2,2,0.666667,0.75,0,0,0,0.000364,0,14,12,514,0
mooc1512226586392,mooc1512226586392,,0,1,1,0,2,2,7,0.217875,0.225575,0,0,0.000013,0.000364,0,0,0,515,0
"道桥17-4班-徐杭",道桥17-4班-徐杭,,0,1,1,0,1,1,6,0.364346,0.406864,0,0,0.001307,0.000364,0,9,0,516,0
"鱼丸mooc14",鱼丸mooc14,,0,1,1,0,1,1,6,0.364346,0.406864,0,0,0.001307,0.000364,0,9,0,517,0
"追mooc195",追mooc195,,0,2,2,0,2,2,6,0.364727,0.40784,0,0,0.001311,0.000364,0,18,0,518,0
m17362990806163com,m17362990806163com,,0,1,1,0,1,1,6,0.364346,0.406864,0,0,0.001307,0.000364,0,9,0,519,0
"璃茉mooc26",璃茉mooc26,,0,1,1,0,1,1,6,0.364346,0.406864,0,0,0.001307,0.000364,0,9,0,520,0
BOSS66666,BOSS66666,,0,1,1,0,1,1,6,0.364346,0.406864,0,0,0.001307,0.000364,0,9,0,521,0
"林来雨雨来林",林来雨雨来林,,0,1,1,0,1,1,6,0.326871,0.330231,0,0,0.003612,0.000364,0,9,0,522,0
wyb2086,wyb2086,,0,1,1,0,1,1,6,0.364346,0.406864,0,0,0.001307,0.000364,0,9,0,523,0
.ykt1490508387188,.ykt1490508387188,,0,1,1,0,1,1,1,1,1,0,0,0.002376,0.000364,0,9,0,524,0
"我本纯凉",我本纯凉,,0,1,1,0,1,1,6,0.282063,0.309006,0,0,0.000969,0.000364,0,0,0,525,0
1701王慧,1701王慧,,0,1,1,0,1,1,6,0.364346,0.406864,0,0,0.001307,0.000364,0,9,0,526,0
"西农食品1710徐洋婷",西农食品1710徐洋婷,,0,1,1,0,1,1,6,0.364346,0.406864,0,0,0.001307,0.000364,0,9,0,527,0
Hut_17408002040,Hut_17408002040,,0,1,1,0,1,1,6,0.364346,0.406864,0,0,0.001307,0.000364,0,9,0,528,0
"王泽2176112720能动学院",王泽2176112720能动学院,,0,1,1,0,1,1,6,0.365443,0.381219,0,0,0.00027,0.000364,0,2,0,529,0
Borhoon,Borhoon,,0,1,1,0,1,1,1,1,1,0,0,0.002364,0.000364,0,9,0,530,0
lyc2543948499163com,lyc2543948499163com,,0,1,1,0,1,1,7,0.269623,0.276688,0,0,0,0.000364,0,36,0,531,0
yl1767977864163com,yl1767977864163com,,0,1,1,0,2,2,6,0.364346,0.406864,0,0,0.001307,0.000364,0,9,0,532,0
"半生浮华只因你",半生浮华只因你,,0,1,1,0,1,1,1,1,1,0,0,0.002364,0.000364,0,9,0,533,0
m17744406253163com,m17744406253163com,,0,1,1,0,1,1,6,0.364346,0.406864,0,0,0.001307,0.000364,0,9,0,534,0
K文mooc,K文mooc,,0,1,1,0,2,2,6,0.282063,0.309006,0,0,0.000969,0.000364,0,0,0,535,0
"自动化73-2173611881-罗中沛",自动化73-2173611881-罗中沛,,0,1,1,0,1,1,2,0.666667,0.75,0,0,0,0.000364,0,0,0,536,0
312087780,312087780,,0,1,1,0,1,1,7,0.267519,0.285161,0,0,0.003019,0.000364,0,2,0,537,0
"光暗刻录师",光暗刻录师,,0,1,1,0,1,1,6,0.365443,0.381219,0,0,0.00027,0.000364,0,2,0,538,0
"堕天圣黑猫",堕天圣黑猫,,0,1,1,0,1,1,3,0.5,0.611111,0,0,0,0.000364,0,44,0,539,0
"张旭mooc92",张旭mooc92,,0,1,1,0,1,1,3,0.5,0.611111,0,0,0.000687,0.000364,0,20,0,540,0
gdsuby,gdsuby,,0,1,1,0,1,1,1,1,1,0,0,0.000655,0.000364,0,2,0,541,0
"越甲三千mooc4",越甲三千mooc4,,0,1,1,0,1,1,6,0.365443,0.381219,0,0,0.00027,0.000364,0,2,0,542,0
Jeoko,Jeoko,,0,1,1,0,1,1,6,0.365443,0.381219,0,0,0.00027,0.000364,0,2,0,543,0
