一世尘澜,mooc90804636962560870
一世尘澜,mooc90804636962560870
小仙女的小迷,mooc90804636962560870
rancic,mooc90804636962560870
rancic,mooc68879071705939108
ECJTU16信息与计算科学张扬,ykt1493081537733
mooc91875047242760430,张捧
rancic,mooc91875047242760430
张捧,ykt1500782775511
mooc90804266019315531,ykt1500782775511
mooc369693,你不要咬我
mooc369693,你不要咬我
ykt1500782775511,刘许豪
ykt1500782775511,蕉太狼的羊朋友
ykt1500782775511,蕉太狼的羊朋友
mooc58311049251535561,蕉太狼的羊朋友
张捧,mooc29097006338745463
张捧,mooc29097006338745463
一世尘澜,mooc90804636962560870
一世尘澜,mooc90804636962560870
张捧,mooc57512464570816853
mooc57512805422270283,小仙女的小迷
mooc57512805422270283,小仙女的小迷
mooc58248245922517206,小仙女的小迷
mooc58248245922517206,小仙女的小迷
mooc369693,堂吉诃德mooc38
mooc369693,堂吉诃德mooc38
一世尘澜,堂吉诃德mooc38
一世尘澜,堂吉诃德mooc38
mooc57512805422270283,mooc26076932916204708
mooc57512805422270283,mooc26076932916204708
mooc58248245922517206,mooc26076932916204708
ykt1500782775511,mooc26076932916204708
ykt1500782775511,mooc26076932916204708
mooc58311049251535561,mooc26076932916204708
mooc58311049251535561,mooc26076932916204708
mooc81924452686340122,mooc26076932916204708
mooc81924452686340122,mooc57512609851049958
mooc81924452686340122,mooc57512609851049958
mooc57512805422270283,mooc57512609851049958
mooc57512805422270283,mooc57512609851049958
mooc58248245922517206,mooc57512609851049958
XDZY-03-20171213762-岳英杰,丁振凡
XDZY-03-20171213762-岳英杰,丁振凡
mooc29097006338745463,丁振凡
mooc29097006338745463,丁振凡
mooc81924452686340122,丁振凡
mooc81924452686340122,丁振凡
mooc369693,丁振凡
mooc369693,小董小
mooc369693,小董小
mooc58311049251535561,蕉太狼的羊朋友
mooc58311049251535561,蕉太狼的羊朋友
mooc90804266019315531,mooc26076932916204708
mooc90804266019315531,mooc26076932916204708
ykt1500782775511,mooc26076932916204708
ykt1500782775511,mooc26076932916204708
mooc58311049251535561,mooc26076932916204708
mooc58311049251535561,mooc26076932916204708
mooc58248245922517206,mooc26076932916204708
mooc58248245922517206,mooc26076932916204708
mooc369693,蕉太狼的羊朋友
mooc90804636962560870,丁振凡
mooc90804636962560870,丁振凡
mooc90804636962560870,丁振凡
屈梦飞,丁振凡
屈梦飞,丁振凡
mooc369693,丁振凡
mooc369693,丁振凡
mooc57512805422270283,丁振凡
mooc81924452686340122,mooc90804636962560870
mooc81924452686340122,mooc90804636962560870
mooc369693,mooc90804636962560870
mooc369693,mooc90804636962560870
XDZY-03-20171213762-岳英杰,丁振凡
XDZY-03-20171213762-岳英杰,丁振凡
mooc29097006338745463,丁振凡
mooc29097006338745463,丁振凡
mooc369693,丁振凡
mooc369693,丁振凡
mooc57512805422270283,丁振凡
mooc57512805422270283,丁振凡
一世尘澜,mooc1508728544877
一世尘澜,mooc1508728544877
mooc369693,mooc1508728544877
一世尘澜,mooc1508728544877
一世尘澜,mooc1508728544877
mooc84564896288615550,mooc1508728544877
mooc84564896288615550,mooc1508728544877
小董小,mooc1508728544877
mooc84564896288615550,mooc1508728544877
mooc84564896288615550,mooc1508728544877
小董小,mooc1508728544877
小董小,mooc1508728544877
mooc90804652643893180,mooc1508728544877
mooc90804652643893180,mooc1508728544877
mooc29097006338745463,mooc1508728544877
mooc81924452686340122,mooc1508728544877
mooc81924452686340122,mooc1508728544877
mooc369693,mooc1508728544877
小微白,fffff2019
mooc369693,fffff2019
mooc369693,fffff2019
mooc81924452686340122,fffff2019
mooc81924452686340122,fffff2019
mooc58248245922517206,fffff2019
mooc369693,fffff2019
mooc369693,fffff2019
mooc369693,fffff2019
rancic,fffff2019
XDZY-03-20171213762-岳英杰,mooc92397604437013457
XDZY-03-20171213762-岳英杰,mooc92397604437013457
mooc369693,mooc92397604437013457
mooc369693,mooc92397604437013457
一世尘澜,mooc92397604437013457
一世尘澜,mooc92397604437013457
小仙女的小迷,mooc92397604437013457
rancic,江期森
mooc369693,mooc90804636962560870
mooc369693,mooc90804636962560870
mooc81277054351193806,mooc90804636962560870
mooc81277054351193806,mooc90804636962560870
mooc92397604437013457,mooc90804636962560870
mooc92397604437013457,mooc90804636962560870
rancic,mooc90804636962560870
rancic,mooc90804636962560870
大大大大大大豚鼠,mooc90804636962560870
大大大大大大豚鼠,mooc90804636962560870
一世尘澜,mooc57512609851049958
一世尘澜,mooc57512609851049958
屈梦飞,mooc57512609851049958
屈梦飞,mooc57512609851049958
mooc369693,mooc57512609851049958
mooc369693,mooc57512609851049958
mooc84564896288615550,mooc57512609851049958
mooc84564896288615550,mooc57512609851049958
mooc58310275899130659,mooc57512609851049958
mooc58310275899130659,mooc57512609851049958
mooc90804652643893180,mooc57512609851049958
mooc90804652643893180,mooc57512609851049958
寻梦山海,mooc57512609851049958
寻梦山海,mooc57512609851049958
mooc58248245922517206,mooc57512609851049958
mooc57512805422270283,mooc57512609851049958
mooc57512805422270283,mooc57512609851049958
小董小,mooc57512609851049958
小微白,小董小
mooc369693,丁振凡
mooc369693,丁振凡
mooc29097006338745463,丁振凡
mooc29097006338745463,丁振凡
mooc58248245922517206,丁振凡
mooc58248245922517206,丁振凡
浅色槿2c,丁振凡
浅色槿2c,丁振凡
mooc92397604437013457,丁振凡
mooc92397604437013457,丁振凡
大大大大大大豚鼠,丁振凡
大大大大大大豚鼠,丁振凡
黄泳豫,丁振凡
黄泳豫,丁振凡
rancic,丁振凡
ykt1493081537733,丁振凡
mooc369693,丁振凡
mooc369693,丁振凡
ykt1500782775511,丁振凡
ykt1500782775511,丁振凡
mooc84564896288615550,丁振凡
mooc84564896288615550,丁振凡
mooc90804652643893180,丁振凡
mooc90804652643893180,丁振凡
mooc29097006338745463,丁振凡
mooc29097006338745463,丁振凡
XDZY-03-20171213762-岳英杰,丁振凡
XDZY-03-20171213762-岳英杰,丁振凡
evildoerme,丁振凡
evildoerme,丁振凡
mooc81277054351193806,丁振凡
占红燕,丁振凡
占红燕,丁振凡
小董小,丁振凡
小董小,丁振凡
浅色槿2c,丁振凡
mooc369693,丁振凡
mooc369693,丁振凡
mooc84564896288615550,丁振凡
mooc84564896288615550,丁振凡
mooc58310275899130659,丁振凡
mooc58310275899130659,丁振凡
mooc29097006338745463,丁振凡
mooc29097006338745463,丁振凡
小仙女的小迷,丁振凡
小仙女的小迷,丁振凡
evildoerme,丁振凡
evildoerme,丁振凡
JAVAISIT,丁振凡
JAVAISIT,丁振凡
mooc92397604437013457,丁振凡
小董小,丁振凡
小董小,丁振凡
占红燕,丁振凡
占红燕,丁振凡
浅色槿2c,丁振凡
mooc29097006338745463,丁振凡
mooc29097006338745463,丁振凡
mooc90804652643893180,丁振凡
mooc90804652643893180,丁振凡
mooc369693,丁振凡
mooc369693,丁振凡
mooc90804636962560870,丁振凡
mooc90804636962560870,丁振凡
evildoerme,丁振凡
evildoerme,丁振凡
mooc57512464570816853,丁振凡
mooc57512464570816853,丁振凡
一世尘澜,丁振凡
一世尘澜,丁振凡
小仙女的小迷,丁振凡
占红燕,丁振凡
占红燕,丁振凡
小董小,丁振凡
小董小,丁振凡
一世尘澜,丁振凡
一世尘澜,丁振凡
一世尘澜,mooc57512805422270283
一世尘澜,mooc57512805422270283
mooc58310275899130659,mooc57512805422270283
mooc58310275899130659,mooc57512805422270283
JAVAISIT,mooc57512805422270283
浅色槿2c,丁振凡
浅色槿2c,丁振凡
mooc92397604437013457,丁振凡
mooc92397604437013457,丁振凡
大大大大大大豚鼠,丁振凡
大大大大大大豚鼠,丁振凡
黄泳豫,丁振凡
黄泳豫,丁振凡
XDZY-03-20171213762-岳英杰,丁振凡
XDZY-03-20171213762-岳英杰,丁振凡
JAVAISIT,丁振凡
JAVAISIT,丁振凡
黄泳豫,丁振凡
黄泳豫,丁振凡
rancic,丁振凡
rancic,丁振凡
屈梦飞,丁振凡
屈梦飞,丁振凡
江期森,ECJTU16信息与计算科学张扬
刘许豪,mooc90804636962560870
刘许豪,mooc90804636962560870
小仙女的小迷,mooc90804636962560870
小仙女的小迷,mooc90804636962560870
JAVAISIT,mooc90804636962560870
JAVAISIT,mooc90804636962560870
rancic,mooc90804636962560870
rancic,mooc90804636962560870
江期森,mooc90804636962560870
江期森,mooc90804636962560870
一世尘澜,小董小
一世尘澜,小董小
大大大大大大豚鼠,rancic
大大大大大大豚鼠,rancic
刘许豪,rancic
刘许豪,rancic
mooc58310275899130659,rancic
mooc58310275899130659,rancic
mooc81277054351193806,rancic
mooc81277054351193806,rancic
江期森,rancic
江期森,rancic
mooc90805012347111944,丁振凡
mooc90805012347111944,丁振凡
mooc84564896288615550,丁振凡
mooc84564896288615550,丁振凡
mooc90804652643893180,丁振凡
mooc90804652643893180,丁振凡
mooc90804636962560870,丁振凡
mooc90804636962560870,丁振凡
一世尘澜,丁振凡
一世尘澜,丁振凡
小仙女的小迷,丁振凡
小仙女的小迷,丁振凡
evildoerme,丁振凡
evildoerme,丁振凡
mooc81277054351193806,丁振凡
占红燕,丁振凡
占红燕,丁振凡
rancic,丁振凡
rancic,丁振凡
ykt1493081537733,丁振凡
ykt1493081537733,丁振凡
江期森,丁振凡
江期森,丁振凡
屈梦飞,JAVAISIT
屈梦飞,JAVAISIT
小仙女的小迷,JAVAISIT
小仙女的小迷,JAVAISIT
mooc81277054351193806,JAVAISIT
mooc81277054351193806,JAVAISIT
mooc57512805422270283,JAVAISIT
mooc57512805422270283,JAVAISIT
mooc90804636962560870,JAVAISIT
mooc90804636962560870,JAVAISIT
占红燕,JAVAISIT
占红燕,JAVAISIT
rancic,JAVAISIT
rancic,JAVAISIT
ykt1493081537733,JAVAISIT
mooc68879071705939108,rancic
mooc92397604437013457,小仙女的小迷
