CPU16402815,CPU16402815
mooc53706043072695356,黄宏飞
shifei521,16403911赵高峰
cpu-jiangcheng,中国科学技术大学-SA20179051-王文静
cpu-jiangcheng,中国科学技术大学-SA20179051-王文静
cpu-jiangcheng,吉良吉影mooc4
cpu16402902,cpu16402902
cpu16402902,cpu16402902
cpu-jiangcheng,令鼠
cpu-jiangcheng,Swust5120163319
cpu-jiangcheng,JanetnamesYu
cpu-jiangcheng,香豆素生物碱
cpu-jiangcheng,cpu-16402830李启航
cpu-jiangcheng,mooc72307135627269300
cpu-jiangcheng,ydydy
Candiceykt1466571217311,Candiceykt1466571217311
Candiceykt1466571217311,Candiceykt1466571217311
lzq1097904949163com,lzq1097904949163com
cpu-jiangcheng,mooc81286717777299087
CPU2020172179,cg34567
cpu-jiangcheng,CPU16402905
shifei521,杨凯舒16400211
shifei521,杨凯舒16400211
cpu-jiangcheng,cpu-2020172596-朱晨阳
邓欣仪20205226021,邓欣仪20205226021
邓欣仪20205226021,邓欣仪20205226021
cpu-jiangcheng,CPU16403024
cpu-jiangcheng,CPU16402815
mooc45327426674317165,mooc45327426674317165
mooc45327426674317165,mooc45327426674317165
cpu-jiangcheng,谎mooc59
cpu-jiangcheng,CPU2020172344徐小迪
cpu-jiangcheng,海之蓝mooc46
yulurao163com,mooc54330717420581250
yulurao163com,mooc54330717420581250
mooc54330717420581250,mooc54330717420581250
mooc54330717420581250,mooc54330717420581250
cpu-jiangcheng,mooc54081318955742434
mooc53706043072695356,相羽曦cpu2020170411
mooc53706043072695356,相羽曦cpu2020170411
cpu-jiangcheng,相羽曦cpu2020170411
UKmooc2,陪你度过漫长岁月mooc55
cpu-jiangcheng,mooc22665786321481199
mooc22665786321481199,哑舍mooc49
mooc22665786321481199,哑舍mooc49
爱学习001,药检1801梁婷婷
爱学习001,药检1801梁婷婷
cpu-jiangcheng,mooc48483671979697901
cpu-jiangcheng,mooc48483671979697901
cpu-jiangcheng,拖延小兔子
cpu-jiangcheng,拖延小兔子
ab_ing,拖延小兔子
中国科学技术大学-SA20179051-王文静,cpu-jiangcheng
mooc81286717777299087,cpu-jiangcheng
cpu-2020172596-朱晨阳,cpu-jiangcheng
mooc54330717420581250,yulurao163com
mooc54330717420581250,mooc54330717420581250
mooc54330717420581250,mooc54330717420581250
拖延小兔子,ab_ing
